Student_ID,Study_Hours_Per_Day,Extracurricular_Hours_Per_Day,Sleep_Hours_Per_Day,Social_Hours_Per_Day,Physical_Activity_Hours_Per_Day,GPA,Stress_Level
1,6.9,3.8,8.7,2.8,1.8,2.99,40
2,5.3,3.5,8.0,4.2,3.0,2.75,30
3,5.1,3.9,9.2,1.2,4.6,2.67,30
4,6.5,2.1,7.2,1.7,6.5,2.88,40
5,8.1,0.6,6.5,2.2,6.6,3.51,50
6,6.0,2.1,8.0,0.3,7.6,2.85,40
7,8.0,0.7,5.3,5.7,4.3,3.08,50
8,8.4,1.8,5.6,3.0,5.2,3.2,50
9,5.2,3.6,6.3,4.0,4.9,2.82,30
10,7.7,0.7,9.8,4.5,1.3,2.76,40
11,9.7,3.6,8.0,2.5,0.2,3.43,50
12,6.9,1.1,9.1,2.1,4.8,2.97,40
13,6.4,2.2,5.7,4.8,4.9,2.82,50
14,5.0,3.3,8.5,4.4,2.8,2.87,30
15,8.9,0.3,6.8,0.7,7.3,3.4,50
16,6.7,0.3,6.6,2.0,8.4,3.2,40
17,8.6,2.6,9.4,1.6,1.8,3.36,50
18,8.8,2.2,8.9,2.0,2.1,3.19,50
19,7.6,1.7,5.1,0.6,9.0,3.16,50
20,6.6,2.0,9.5,1.5,4.4,2.93,40
21,7.1,3.0,6.1,0.5,7.3,2.9,40
22,9.6,3.2,8.2,2.6,0.4,3.34,50
23,9.0,0.7,9.5,2.6,2.2,3.21,50
24,6.1,1.7,9.1,5.2,1.9,2.85,40
25,5.0,2.0,7.1,1.3,8.6,2.68,30
26,9.7,1.3,7.6,3.8,1.6,3.29,50
27,6.8,3.9,9.8,0.9,2.6,2.64,40
28,6.4,0.1,8.0,3.0,6.5,2.95,40
29,5.3,1.1,9.5,1.4,6.7,2.79,30
30,9.9,1.0,8.4,3.6,1.1,3.25,50
31,6.2,2.9,6.8,3.8,4.3,3.05,40
32,5.5,3.3,6.6,1.1,7.5,3.26,30
33,5.2,2.4,8.4,0.1,7.9,2.47,30
34,8.2,0.7,8.5,2.3,4.3,3.24,50
35,9.7,0.6,6.7,0.7,6.3,3.62,50
36,9.1,2.2,7.6,1.2,3.9,3.12,50
37,5.5,3.6,9.5,3.4,2.0,2.58,30
38,8.6,3.6,9.4,1.9,0.5,3.03,50
39,8.2,0.3,5.8,5.4,4.3,3.29,50
40,5.0,0.6,7.7,4.2,6.5,2.61,30
41,8.3,0.9,8.6,1.4,4.8,3.48,50
42,8.2,3.4,8.3,2.3,1.8,3.07,50
43,5.5,1.5,6.3,1.5,9.2,2.81,30
44,9.5,2.5,9.0,1.5,1.5,3.49,50
45,7.9,2.0,6.0,4.3,3.8,2.97,40
46,9.7,3.8,9.6,0.3,0.6,3.55,50
47,5.1,3.7,7.1,5.8,2.3,2.6,30
48,9.3,1.3,5.8,3.3,4.3,3.09,50
49,9.7,2.8,7.9,0.3,3.3,3.47,50
50,9.4,3.0,8.5,2.2,0.9,3.18,50
51,6.8,1.2,9.0,4.9,2.1,3.12,40
52,9.0,2.6,8.5,3.1,0.8,4.0,50
53,9.5,1.4,6.9,0.6,5.6,3.33,50
54,7.3,2.2,6.4,3.5,4.6,3.11,40
55,5.2,0.1,9.1,2.2,7.4,2.79,30
56,8.8,0.9,8.1,0.5,5.7,3.1,50
57,5.3,2.1,7.7,3.8,5.1,2.39,30
58,9.0,1.1,7.2,0.5,6.2,3.39,50
59,5.1,3.9,9.2,4.0,1.8,2.52,30
60,5.8,1.0,7.7,4.3,5.2,2.8,30
61,8.3,1.1,9.8,3.5,1.3,3.67,50
62,7.1,1.0,6.8,4.5,4.6,3.27,40
63,5.1,0.5,5.2,0.2,13.0,2.85,50
64,7.4,0.4,7.5,2.8,5.9,3.26,40
65,5.9,1.7,7.0,3.7,5.7,2.8,30
66,6.9,2.5,7.5,5.1,2.0,3.06,40
67,8.3,0.7,5.4,3.9,5.7,3.26,50
68,9.7,2.3,6.9,3.3,1.8,3.38,50
69,7.3,2.2,9.7,1.9,2.9,3.15,40
70,5.4,1.3,9.2,0.1,8.0,2.69,30
71,9.1,1.1,5.6,4.2,4.0,3.54,50
72,8.7,3.2,6.4,1.0,4.7,3.37,50
73,8.8,3.2,10.0,0.8,1.2,3.58,50
74,6.7,3.7,9.3,1.8,2.5,2.89,40
75,8.8,3.0,5.5,5.4,1.3,3.58,50
76,6.6,3.6,6.9,0.1,6.8,2.99,40
77,9.5,0.4,6.6,5.7,1.8,3.44,50
78,8.2,1.8,6.5,2.0,5.5,3.35,50
79,8.4,3.0,9.0,2.8,0.8,3.26,50
80,5.3,2.2,7.2,5.3,4.0,2.62,30
81,6.8,0.5,5.7,4.6,6.4,2.86,50
82,5.4,2.8,5.4,4.9,5.5,2.86,50
83,8.5,0.3,5.4,5.9,3.9,2.99,50
84,9.1,3.8,9.9,0.9,0.3,3.08,50
85,6.9,0.3,8.9,3.4,4.5,3.21,40
86,5.6,2.0,5.1,2.8,8.5,2.81,50
87,5.3,0.5,5.6,3.9,8.7,2.9,50
88,9.8,1.5,6.4,5.2,1.1,3.78,50
89,6.1,3.9,5.1,5.8,3.1,2.96,50
90,5.4,2.2,9.8,3.1,3.5,2.81,30
91,8.1,2.8,7.3,3.6,2.2,3.39,50
92,5.2,1.1,9.8,5.3,2.6,2.82,30
93,7.3,2.5,6.4,1.1,6.7,2.67,40
94,7.9,0.3,9.9,5.8,0.1,3.08,40
95,8.5,2.1,6.5,4.9,2.0,3.1,50
96,9.6,3.3,9.7,1.0,0.4,3.54,50
97,8.1,1.7,9.7,3.9,0.6,3.45,50
98,9.9,0.6,8.0,2.1,3.4,3.39,50
99,9.8,3.4,9.2,0.7,0.9,3.15,50
100,5.3,3.5,9.1,6.0,0.1,2.68,30
101,10.0,2.2,8.8,2.8,0.2,3.41,50
102,7.3,0.5,9.8,3.6,2.8,3.22,40
103,6.1,2.7,8.1,2.1,5.0,2.98,40
104,7.6,3.1,7.6,4.9,0.8,2.99,40
105,7.8,2.2,9.4,1.9,2.7,3.3,40
106,8.5,0.9,5.7,0.1,8.8,3.55,50
107,6.8,2.4,7.0,2.6,5.2,2.97,40
108,7.6,3.1,7.0,3.7,2.6,3.28,40
109,9.3,3.8,5.7,4.8,0.4,3.05,50
110,7.3,3.9,7.5,1.7,3.6,3.08,40
111,8.2,1.0,5.4,0.8,8.6,3.3,50
112,5.9,1.4,9.5,2.8,4.4,2.7,30
113,8.3,0.7,6.0,0.2,8.8,3.14,50
114,5.9,0.4,5.6,2.8,9.3,2.73,50
115,6.0,1.5,7.5,4.1,4.9,2.76,40
116,9.4,3.7,5.3,1.6,4.0,3.45,50
117,9.0,3.0,5.9,1.3,4.8,3.29,50
118,8.1,1.5,7.3,4.5,2.6,2.75,50
119,5.2,1.0,8.6,5.4,3.8,3.4,30
120,5.5,1.8,7.7,1.5,7.5,3.05,30
121,6.3,1.5,5.1,1.9,9.2,2.82,50
122,5.6,3.6,8.0,4.1,2.7,2.62,30
123,8.9,2.0,5.4,3.2,4.5,3.64,50
124,7.2,0.5,6.4,2.2,7.7,3.19,40
125,8.2,2.3,6.8,5.9,0.8,2.95,50
126,5.5,0.6,6.2,1.0,10.7,2.94,30
127,5.9,1.1,5.9,5.4,5.7,2.89,50
128,7.1,3.9,5.6,2.4,5.0,2.9,50
129,9.8,3.5,9.1,0.4,1.2,3.57,50
130,9.6,2.2,7.9,1.2,3.1,3.24,50
131,8.8,0.7,6.6,2.6,5.3,2.99,50
132,5.6,2.4,6.4,3.5,6.1,2.85,30
133,5.8,1.9,7.7,0.3,8.3,2.7,30
134,5.3,4.0,6.6,4.9,3.2,2.72,30
135,6.3,2.7,8.8,3.6,2.6,2.45,40
136,6.7,3.7,9.2,4.2,0.2,2.85,40
137,5.6,2.9,9.7,1.1,4.7,2.86,30
138,7.9,3.4,5.7,4.8,2.2,3.15,50
139,6.0,0.7,5.8,4.9,6.6,2.96,50
140,6.8,3.5,7.0,4.9,1.8,3.44,40
141,7.2,1.5,7.3,1.8,6.2,3.08,40
142,6.2,3.6,6.9,3.3,4.0,3.27,40
143,9.5,2.5,5.6,5.6,0.8,3.13,50
144,5.7,3.2,8.1,3.2,3.8,3.08,30
145,9.5,3.2,5.8,1.7,3.8,3.59,50
146,5.2,2.3,8.8,5.3,2.4,2.61,30
147,6.7,3.3,5.6,5.1,3.3,2.95,50
148,9.0,0.6,6.1,4.3,4.0,3.15,50
149,8.6,2.6,8.5,2.3,2.0,3.14,50
150,5.9,3.6,7.9,2.4,4.2,2.64,30
151,7.3,3.8,5.8,3.5,3.6,3.58,50
152,5.1,3.5,9.7,3.2,2.5,2.79,30
153,8.5,3.7,8.5,0.5,2.8,3.65,50
154,7.1,2.9,9.7,4.0,0.3,3.33,40
155,7.3,0.5,9.9,5.0,1.3,3.11,40
156,8.0,1.6,5.3,2.0,7.1,3.42,50
157,9.0,0.0,6.7,2.4,5.9,3.51,50
158,6.7,1.4,8.7,2.7,4.5,3.02,40
159,6.1,1.8,5.7,1.1,9.3,2.38,50
160,9.6,1.4,7.9,3.2,1.9,3.43,50
161,5.1,2.7,5.9,5.8,4.5,2.71,50
162,5.4,4.0,7.5,3.6,3.5,2.59,30
163,5.3,3.0,6.0,5.4,4.3,2.68,30
164,5.2,1.9,7.8,0.4,8.7,2.67,30
165,8.9,1.8,7.6,2.5,3.2,3.58,50
166,5.8,0.7,9.3,5.7,2.5,2.46,30
167,6.9,1.1,8.2,2.5,5.3,3.22,40
168,5.1,0.9,6.2,4.0,7.8,3.02,30
169,5.1,0.4,9.0,1.1,8.4,2.52,30
170,5.5,1.0,8.6,5.1,3.8,2.97,30
171,9.2,1.6,8.3,1.0,3.9,3.5,50
172,5.1,0.3,6.0,0.2,12.4,2.7,30
173,5.9,2.3,7.1,5.4,3.3,2.78,30
174,6.3,1.5,8.0,1.6,6.6,3.15,40
175,8.1,1.6,7.8,2.6,3.9,3.26,50
176,8.8,0.6,9.3,2.6,2.7,3.3,50
177,9.5,3.2,7.1,0.1,4.1,3.49,50
178,8.2,1.0,5.7,5.0,4.1,2.89,50
179,9.9,2.1,5.9,1.6,4.5,3.52,50
180,6.4,2.2,8.3,5.0,2.1,2.76,40
181,6.0,0.0,5.7,5.4,6.9,2.95,50
182,8.0,2.7,5.9,5.5,1.9,3.4,50
183,7.1,1.5,7.6,0.3,7.5,3.17,40
184,5.4,2.4,6.2,2.3,7.7,2.66,30
185,6.4,1.4,8.6,1.8,5.8,2.77,40
186,8.3,3.7,8.7,0.7,2.6,3.77,50
187,5.2,1.0,8.0,0.3,9.5,3.29,30
188,6.7,3.1,5.5,0.5,8.2,2.99,50
189,8.6,2.0,8.4,2.2,2.8,3.43,50
190,9.0,2.8,6.4,3.4,2.4,3.24,50
191,6.8,0.4,9.6,0.8,6.4,3.01,40
192,5.9,2.2,9.4,4.4,2.1,3.01,30
193,9.0,2.6,8.5,3.3,0.6,3.34,50
194,6.1,4.0,9.7,0.2,4.0,2.58,40
195,8.5,3.7,5.9,3.4,2.5,3.06,50
196,9.6,3.9,9.7,0.4,0.4,3.65,50
197,9.3,3.4,6.6,3.9,0.8,3.41,50
198,6.2,0.5,5.4,4.2,7.7,2.84,50
199,6.7,2.9,5.3,1.9,7.2,3.29,50
200,6.6,2.5,9.4,3.4,2.1,3.03,40
201,6.2,0.1,9.4,0.1,8.2,2.95,40
202,9.7,3.2,10.0,0.4,0.7,3.67,50
203,8.8,1.6,7.4,3.8,2.4,3.23,50
204,7.1,3.0,6.2,0.7,7.0,3.36,40
205,6.8,1.1,6.5,1.4,8.2,3.01,40
206,6.9,2.7,6.1,5.7,2.6,3.08,40
207,8.9,0.4,7.1,5.3,2.3,3.33,50
208,8.1,0.7,10.0,1.2,4.0,3.35,50
209,9.7,2.6,8.0,1.9,1.8,3.33,50
210,6.1,0.7,8.9,2.1,6.2,2.81,40
211,5.3,3.9,9.4,5.0,0.4,3.08,30
212,8.5,0.6,9.1,1.3,4.5,3.16,50
213,6.1,2.1,8.0,3.5,4.3,2.79,40
214,9.4,3.8,9.3,1.2,0.3,3.33,50
215,8.3,2.2,5.4,2.5,5.6,2.97,50
216,8.6,2.0,5.4,1.3,6.7,3.14,50
217,8.4,0.3,9.3,3.0,3.0,3.77,50
218,9.1,1.4,8.4,2.9,2.2,3.26,50
219,6.3,3.5,9.0,3.4,1.8,3.11,40
220,8.5,2.7,8.1,3.5,1.2,3.38,50
221,5.8,3.5,9.4,0.2,5.1,2.84,30
222,6.7,3.0,5.8,4.9,3.6,3.03,50
223,9.2,2.0,5.0,1.7,6.1,3.42,50
224,8.2,1.0,8.2,3.2,3.4,3.24,50
225,8.9,0.4,8.8,3.2,2.7,3.32,50
226,8.2,3.7,5.5,5.6,1.0,3.29,50
227,8.4,0.3,6.5,4.2,4.6,3.29,50
228,6.7,2.5,5.2,5.2,4.4,2.86,50
229,9.9,3.9,8.7,0.2,1.3,3.8,50
230,8.4,1.8,6.4,6.0,1.4,3.25,50
231,7.1,1.8,5.8,4.8,4.5,2.86,50
232,5.4,2.7,8.3,1.6,6.0,2.95,30
233,9.8,0.6,7.2,5.7,0.7,3.84,50
234,7.0,1.1,9.9,2.5,3.5,2.84,40
235,9.5,0.9,6.1,0.2,7.3,3.17,50
236,9.3,1.9,9.8,0.6,2.4,3.68,50
237,9.3,3.1,8.9,2.3,0.4,3.52,50
238,5.7,0.1,9.6,3.7,4.9,3.12,30
239,9.0,1.9,5.6,0.8,6.7,3.21,50
240,6.0,2.0,5.3,3.5,7.2,3.26,50
241,6.3,3.2,6.6,2.7,5.2,2.85,40
242,8.0,1.2,8.5,5.2,1.1,2.72,40
243,8.9,0.2,7.4,0.6,6.9,3.33,50
244,8.1,2.8,7.8,0.1,5.2,2.98,50
245,6.6,2.1,5.4,2.1,7.8,2.79,50
246,7.8,2.8,9.0,0.9,3.5,3.11,40
247,5.8,0.4,8.2,4.2,5.4,2.88,30
248,8.5,3.5,8.6,2.7,0.7,3.15,50
249,6.7,3.3,5.4,5.4,3.2,3.27,50
250,7.3,2.6,7.6,4.4,2.1,3.13,40
251,5.4,0.2,6.2,1.0,11.2,2.75,30
252,9.9,1.3,5.9,4.7,2.2,3.57,50
253,8.3,2.0,7.8,4.2,1.7,3.25,50
254,6.0,2.7,5.4,0.2,9.7,2.92,50
255,6.3,1.9,9.3,4.4,2.1,2.85,40
256,6.7,1.5,9.9,0.2,5.7,3.32,40
257,9.3,2.3,7.2,3.8,1.4,3.61,50
258,9.5,1.7,6.4,3.6,2.8,3.42,50
259,9.6,0.8,8.1,3.5,2.0,3.31,50
260,8.6,3.6,5.9,1.4,4.5,3.37,50
261,9.9,0.7,9.3,2.0,2.1,3.59,50
262,7.2,2.1,6.8,3.6,4.3,3.01,40
263,5.8,1.6,9.8,1.5,5.3,2.61,30
264,8.9,0.5,9.8,2.2,2.6,3.57,50
265,6.2,0.3,5.8,3.1,8.6,3.13,50
266,7.2,1.0,8.1,4.2,3.5,2.98,40
267,5.8,0.7,5.2,4.4,7.9,2.81,50
268,9.2,3.2,7.9,3.2,0.5,3.8,50
269,6.0,0.4,6.3,0.3,11.0,3.05,40
270,5.2,0.5,7.3,5.6,5.4,2.79,30
271,6.6,2.0,5.2,0.9,9.3,3.17,50
272,7.3,2.1,7.4,4.0,3.2,3.16,40
273,5.7,0.1,6.5,4.2,7.5,2.98,30
274,9.8,0.4,8.4,2.4,3.0,3.26,50
275,9.3,0.7,8.5,4.6,0.9,3.43,50
276,7.5,2.5,9.3,2.7,2.0,3.2,40
277,5.2,3.7,8.4,4.1,2.6,2.91,30
278,7.0,2.6,5.5,3.9,5.0,2.82,50
279,10.0,0.2,9.9,1.6,2.3,3.56,50
280,7.8,3.0,9.4,1.5,2.3,3.25,40
281,6.6,2.7,9.0,4.3,1.4,2.93,40
282,9.1,0.5,7.7,0.0,6.7,3.64,50
283,6.6,1.5,7.0,4.2,4.7,2.79,40
284,6.2,1.5,6.1,0.4,9.8,2.5,40
285,8.0,2.7,8.1,2.4,2.8,3.4,40
286,7.6,1.9,5.1,2.0,7.4,3.08,50
287,6.9,1.6,7.9,3.2,4.4,3.31,40
288,9.1,2.9,9.8,0.0,2.2,3.48,50
289,6.0,0.0,8.2,5.4,4.4,2.92,40
290,5.3,3.7,6.8,0.6,7.6,2.78,30
291,7.4,1.0,6.4,1.8,7.4,3.15,40
292,6.6,2.4,8.6,1.6,4.8,3.27,40
293,7.1,0.5,5.9,4.1,6.4,3.09,50
294,8.5,0.4,7.8,1.5,5.8,3.01,50
295,9.8,1.9,9.0,1.8,1.5,3.5,50
296,9.8,2.4,9.1,2.4,0.3,3.38,50
297,6.1,0.8,8.1,2.5,6.5,2.67,40
298,8.9,1.1,9.1,2.1,2.8,3.2,50
299,8.3,0.4,8.1,2.7,4.5,3.01,50
300,8.7,3.5,6.1,0.5,5.2,3.37,50
301,5.1,2.6,8.0,3.3,5.0,2.65,30
302,8.0,2.0,9.9,0.6,3.5,2.93,40
303,8.5,1.6,7.1,4.3,2.5,3.39,50
304,6.4,0.3,5.4,5.4,6.5,3.29,50
305,6.0,1.3,6.1,2.1,8.5,2.91,40
306,5.3,3.2,6.2,3.2,6.1,2.64,30
307,9.4,2.6,7.7,1.4,2.9,3.66,50
308,10.0,2.6,7.8,2.6,1.0,3.26,50
309,7.3,0.2,7.8,5.7,3.0,3.2,40
310,6.0,2.1,5.5,2.7,7.7,2.72,50
311,8.8,1.4,8.3,4.4,1.1,3.1,50
312,10.0,3.7,7.7,2.2,0.4,3.44,50
313,7.6,2.5,5.4,4.5,4.0,3.17,50
314,8.9,2.8,5.2,1.8,5.3,3.3,50
315,6.3,1.4,5.4,5.6,5.3,2.58,50
316,7.0,1.8,8.0,3.1,4.1,3.15,40
317,9.6,2.0,10.0,2.0,0.4,3.46,50
318,6.9,3.5,9.3,3.5,0.8,3.02,40
319,9.0,1.2,5.4,2.4,6.0,3.46,50
320,6.7,3.9,8.2,4.3,0.9,2.83,40
321,5.7,3.4,9.6,2.6,2.7,3.13,30
322,5.9,2.0,7.0,0.9,8.2,3.0,30
323,6.8,0.3,5.1,0.8,11.0,3.03,50
324,9.8,1.7,6.6,3.0,2.9,3.58,50
325,7.2,0.4,8.2,1.3,6.9,3.39,40
326,5.8,0.2,8.9,2.8,6.3,3.11,30
327,5.3,4.0,5.3,4.2,5.2,2.67,50
328,8.5,0.2,7.5,6.0,1.8,3.21,50
329,9.1,2.5,6.5,3.7,2.2,2.85,50
330,5.7,3.5,7.2,1.2,6.4,3.04,30
331,6.8,1.7,9.1,4.4,2.0,2.9,40
332,5.1,1.0,8.8,0.8,8.3,2.25,30
333,7.7,0.9,5.1,1.4,8.9,3.15,50
334,5.5,2.2,7.3,5.1,3.9,2.94,30
335,5.5,2.0,5.8,1.9,8.8,2.79,50
336,6.9,1.6,7.3,4.7,3.5,3.38,40
337,9.5,3.8,8.9,0.6,1.2,3.3,50
338,6.3,3.4,5.2,5.4,3.7,3.31,50
339,7.3,2.5,8.3,5.3,0.6,3.36,40
340,5.3,2.1,5.8,4.4,6.4,3.11,50
341,7.6,2.7,5.2,0.5,8.0,3.07,50
342,5.4,0.0,9.8,4.4,4.4,2.85,30
343,6.8,1.2,6.7,4.6,4.7,2.81,40
344,5.9,0.4,8.3,4.6,4.8,2.99,30
345,6.3,0.1,5.4,5.8,6.4,3.14,50
346,8.1,1.5,6.0,0.7,7.7,3.06,50
347,8.1,3.1,8.2,2.4,2.2,3.09,50
348,9.9,2.4,7.9,2.8,1.0,3.67,50
349,9.1,2.6,5.6,2.0,4.7,3.16,50
350,7.2,2.5,9.7,1.1,3.5,2.69,40
351,5.6,0.8,9.4,3.9,4.3,3.01,30
352,9.3,3.4,9.6,0.4,1.3,3.28,50
353,8.8,1.8,9.2,3.1,1.1,3.45,50
354,5.9,2.2,9.9,5.6,0.4,3.12,30
355,5.2,0.7,5.7,4.4,8.0,2.67,50
356,7.5,3.4,8.7,2.4,2.0,3.24,40
357,8.0,2.0,6.5,3.4,4.1,3.35,40
358,8.2,3.0,5.8,2.8,4.2,3.31,50
359,5.0,1.0,8.6,6.0,3.4,2.71,30
360,9.0,0.8,7.8,4.4,2.0,3.18,50
361,8.1,0.8,6.8,4.7,3.6,3.19,50
362,8.8,0.1,8.7,1.2,5.2,3.32,50
363,9.8,1.5,6.6,0.9,5.2,3.61,50
364,10.0,1.5,7.2,3.8,1.5,3.43,50
365,9.4,2.4,7.0,2.1,3.1,3.1,50
366,9.0,0.4,7.9,2.9,3.8,3.6,50
367,8.2,0.3,7.9,3.4,4.2,3.64,50
368,8.4,3.2,6.3,5.0,1.1,3.5,50
369,7.5,0.3,5.3,2.0,8.9,3.26,50
370,8.9,2.1,7.2,0.9,4.9,3.53,50
371,6.6,1.7,5.4,1.3,9.0,3.29,50
372,10.0,3.7,8.2,0.9,1.2,3.63,50
373,8.2,3.1,5.6,2.5,4.6,3.16,50
374,7.9,2.4,5.9,2.2,5.6,3.4,50
375,6.7,0.1,5.1,5.0,7.1,3.03,50
376,6.5,3.8,6.3,2.6,4.8,2.62,40
377,9.4,3.4,5.9,4.3,1.0,3.18,50
378,5.7,0.3,8.6,3.0,6.4,2.28,30
379,7.2,2.9,8.8,0.8,4.3,2.88,40
380,8.8,2.6,9.8,0.2,2.6,3.38,50
381,5.3,1.1,6.3,1.5,9.8,2.75,30
382,6.4,3.0,7.2,4.7,2.7,3.03,40
383,5.3,2.0,5.2,0.4,11.1,2.31,50
384,6.7,3.6,5.1,4.0,4.6,3.18,50
385,9.8,2.2,9.7,0.1,2.2,3.16,50
386,8.7,3.9,6.3,3.3,1.8,3.2,50
387,6.0,2.3,7.3,5.8,2.6,2.58,40
388,5.6,0.6,6.1,1.5,10.2,3.07,30
389,9.3,2.2,7.6,0.6,4.3,3.48,50
390,5.3,2.8,7.7,0.5,7.7,2.93,30
391,7.3,1.9,5.8,5.7,3.3,3.18,50
392,7.3,1.6,8.3,3.3,3.5,3.28,40
393,5.3,2.1,9.0,2.8,4.8,2.67,30
394,5.8,1.3,8.8,3.1,5.0,2.71,30
395,6.0,3.5,9.4,4.4,0.7,2.84,40
396,9.9,3.1,5.1,0.4,5.5,3.17,50
397,7.3,3.6,7.7,2.7,2.7,3.15,40
398,9.1,1.5,8.9,4.3,0.2,3.21,50
399,6.0,2.1,6.4,4.8,4.7,3.27,40
400,9.0,1.6,9.6,2.0,1.8,3.57,50
401,5.8,2.8,9.0,1.9,4.5,2.8,30
402,5.9,3.6,8.3,0.9,5.3,2.8,30
403,7.2,2.5,5.4,5.3,3.6,3.08,50
404,9.8,1.7,9.9,1.7,0.9,3.75,50
405,8.2,0.7,9.4,2.4,3.3,3.47,50
406,8.6,3.6,5.4,4.4,2.0,3.81,50
407,5.9,3.4,9.1,3.0,2.6,2.68,30
408,7.4,3.3,7.3,2.1,3.9,3.34,40
409,7.5,3.3,6.7,1.0,5.5,3.29,40
410,5.5,1.0,5.7,2.1,9.7,2.93,50
411,7.3,3.0,8.3,3.4,2.0,3.29,40
412,7.4,3.9,8.2,0.6,3.9,3.02,40
413,8.4,1.3,8.4,0.4,5.5,3.32,50
414,6.1,3.3,6.4,3.9,4.3,2.86,40
415,8.5,2.1,6.5,1.3,5.6,3.38,50
416,9.4,3.1,8.9,1.7,0.9,3.45,50
417,6.3,3.6,8.4,3.2,2.5,2.92,40
418,7.3,3.5,7.7,2.1,3.4,2.9,40
419,9.9,0.4,7.1,0.3,6.3,3.55,50
420,6.4,3.4,6.5,5.5,2.2,3.0,40
421,8.8,3.2,5.1,5.8,1.1,3.13,50
422,9.1,1.1,9.4,0.5,3.9,3.58,50
423,8.5,2.2,5.5,1.5,6.3,3.27,50
424,6.5,2.4,6.5,1.8,6.8,2.91,40
425,8.7,0.2,9.5,4.8,0.8,3.5,50
426,9.5,0.7,5.4,1.4,7.0,3.77,50
427,9.0,0.1,7.9,6.0,1.0,3.36,50
428,5.3,3.3,8.0,0.7,6.7,3.03,30
429,5.5,3.6,8.3,5.0,1.6,2.86,30
430,7.6,1.7,6.6,2.6,5.5,3.34,40
431,8.9,2.4,9.5,1.4,1.8,3.66,50
432,8.0,2.8,6.2,3.1,3.9,3.46,40
433,5.5,1.5,7.4,3.9,5.7,2.85,30
434,8.7,2.0,8.2,0.4,4.7,3.42,50
435,6.3,1.4,7.4,0.3,8.6,2.86,40
436,9.9,1.3,7.4,1.1,4.3,3.35,50
437,8.1,1.1,6.0,3.1,5.7,3.15,50
438,9.0,2.3,7.6,1.5,3.6,3.2,50
439,9.7,1.6,5.4,3.7,3.6,3.39,50
440,7.5,3.5,7.5,3.9,1.6,2.97,40
441,10.0,0.5,6.4,2.4,4.7,3.14,50
442,9.5,2.9,8.0,1.1,2.5,3.11,50
443,9.1,3.8,9.1,0.0,2.0,3.27,50
444,6.3,0.2,8.0,4.1,5.4,2.97,40
445,5.6,1.5,7.3,2.2,7.4,2.8,30
446,8.8,0.3,5.4,2.1,7.4,3.12,50
447,9.7,2.7,8.4,1.2,2.0,3.44,50
448,8.2,3.7,8.1,3.5,0.5,3.23,50
449,8.6,0.5,9.5,0.4,5.0,3.06,50
450,5.1,1.7,6.5,2.9,7.8,2.79,30
451,7.9,0.2,5.6,3.4,6.9,3.44,50
452,8.3,3.4,8.5,1.6,2.2,3.07,50
453,8.4,1.1,6.5,4.7,3.3,3.54,50
454,9.1,3.4,9.6,0.8,1.1,3.31,50
455,6.6,2.3,6.9,3.6,4.6,3.2,40
456,6.9,0.7,7.2,0.9,8.3,3.26,40
457,9.5,1.4,5.8,0.2,7.1,3.69,50
458,6.7,0.3,7.0,1.9,8.1,3.28,40
459,8.4,2.4,6.8,1.3,5.1,3.25,50
460,8.4,0.6,7.4,0.2,7.4,3.32,50
461,7.5,3.9,6.9,0.2,5.5,3.11,40
462,5.8,0.1,8.8,2.8,6.5,2.8,30
463,6.4,3.6,5.6,5.7,2.7,3.1,50
464,8.0,3.3,9.9,0.8,2.0,3.13,40
465,9.8,1.6,6.9,1.9,3.8,3.23,50
466,7.8,2.2,8.8,4.3,0.9,3.2,40
467,7.2,1.2,6.3,1.2,8.1,3.05,40
468,6.4,3.9,7.8,2.0,3.9,2.87,40
469,7.9,0.6,7.2,3.8,4.5,2.68,40
470,10.0,3.5,8.1,1.4,1.0,3.44,50
471,8.1,0.8,7.0,0.2,7.9,3.74,50
472,6.1,3.9,9.5,3.2,1.3,2.61,40
473,7.7,3.5,5.7,4.7,2.4,3.21,50
474,6.4,3.5,9.7,0.7,3.7,2.89,40
475,7.3,3.9,7.4,4.7,0.7,2.74,40
476,6.4,0.8,8.8,2.3,5.7,3.21,40
477,7.6,2.0,7.9,5.2,1.3,3.13,40
478,9.1,3.1,7.9,3.7,0.2,3.42,50
479,6.0,0.4,9.3,2.6,5.7,3.02,40
480,8.1,3.7,5.1,2.9,4.2,2.63,50
481,8.4,2.9,8.5,0.6,3.6,3.07,50
482,9.0,1.1,6.1,5.7,2.1,3.07,50
483,5.0,4.0,8.4,5.0,1.6,2.9,30
484,8.7,0.6,8.8,4.5,1.4,3.41,50
485,8.3,3.1,9.2,2.1,1.3,3.24,50
486,5.4,1.6,7.0,0.4,9.6,2.63,30
487,6.7,0.4,9.0,5.7,2.2,2.63,40
488,5.4,2.0,9.0,4.2,3.4,2.85,30
489,5.3,0.3,7.0,1.8,9.6,2.64,30
490,9.0,3.7,7.0,3.9,0.4,3.16,50
491,6.6,1.9,6.1,3.8,5.6,3.0,40
492,6.8,2.6,5.6,5.3,3.7,3.08,50
493,7.5,1.8,7.9,3.7,3.1,3.17,40
494,6.2,2.9,9.1,4.7,1.1,2.83,40
495,7.8,2.1,5.7,4.7,3.7,3.16,50
496,6.4,0.5,8.1,0.3,8.7,2.61,40
497,8.7,1.3,5.0,3.1,5.9,3.24,50
498,9.2,0.0,6.2,4.4,4.2,3.41,50
499,6.6,0.4,6.8,1.6,8.6,2.89,40
500,8.9,3.6,7.2,3.9,0.4,3.51,50
501,6.9,3.9,5.4,4.1,3.7,2.55,50
502,8.2,2.8,5.0,1.0,7.0,3.2,50
503,8.6,2.7,9.8,2.2,0.7,3.31,50
504,6.5,0.4,8.9,3.9,4.3,3.01,40
505,5.2,1.4,9.8,3.0,4.6,2.49,30
506,6.0,1.5,6.8,0.3,9.4,2.44,40
507,8.8,1.7,9.1,3.7,0.7,3.44,50
508,7.4,3.5,6.1,4.1,2.9,2.88,40
509,8.0,1.2,5.7,3.9,5.2,3.03,50
510,8.2,1.6,8.6,1.1,4.5,3.46,50
511,9.5,1.1,6.8,0.3,6.3,3.43,50
512,6.3,3.3,5.1,2.3,7.0,2.74,50
513,6.7,0.1,5.6,2.5,9.1,2.49,50
514,7.7,2.4,5.0,2.8,6.1,3.12,50
515,9.8,2.1,8.4,1.2,2.5,3.61,50
516,7.6,3.9,5.6,0.1,6.8,3.28,50
517,8.9,3.2,5.6,1.6,4.7,3.36,50
518,6.7,1.5,5.0,1.8,9.0,3.31,50
519,8.2,3.9,9.2,0.1,2.6,3.26,50
520,8.9,1.8,7.0,1.8,4.5,3.38,50
521,5.3,0.9,6.2,2.9,8.7,2.76,30
522,5.3,3.8,9.7,4.1,1.1,3.13,30
523,10.0,2.2,9.8,0.2,1.8,3.25,50
524,6.0,0.6,8.1,4.7,4.6,2.78,40
525,7.9,0.6,9.1,3.8,2.6,3.5,40
526,6.3,1.4,9.6,1.7,5.0,2.74,40
527,7.3,3.6,8.5,0.3,4.3,2.93,40
528,5.7,3.8,7.6,1.5,5.4,3.27,30
529,7.5,2.7,5.4,1.6,6.8,3.09,50
530,7.7,1.7,5.2,1.0,8.4,3.43,50
531,7.2,0.8,5.2,5.1,5.7,2.99,50
532,9.8,0.8,9.8,3.6,0.0,3.59,50
533,8.6,3.9,7.8,1.0,2.7,3.69,50
534,5.4,2.5,9.9,1.1,5.1,2.54,30
535,9.0,3.6,9.7,1.6,0.1,3.44,50
536,8.8,0.6,7.4,4.3,2.9,3.32,50
537,6.2,2.6,8.3,1.0,5.9,3.23,40
538,7.5,0.0,5.0,2.1,9.4,3.2,50
539,9.6,0.9,8.2,1.2,4.1,3.62,50
540,8.6,0.4,7.1,0.2,7.7,3.2,50
541,7.4,2.6,5.6,1.7,6.7,3.26,50
542,10.0,0.2,8.8,1.9,3.1,3.46,50
543,7.0,3.0,9.6,4.2,0.2,2.68,40
544,8.9,1.0,7.8,2.2,4.1,3.54,50
545,8.3,1.0,6.0,5.5,3.2,3.25,50
546,6.1,0.2,5.2,1.1,11.4,2.72,50
547,9.3,1.1,9.8,2.2,1.6,3.79,50
548,7.6,3.0,6.4,2.1,4.9,2.83,40
549,9.5,3.8,9.5,0.5,0.7,3.4,50
550,7.5,0.8,8.0,1.1,6.6,3.43,40
551,6.7,3.4,6.0,0.4,7.5,2.48,40
552,9.1,3.3,6.7,3.4,1.5,3.4,50
553,8.9,2.6,5.8,5.3,1.4,2.98,50
554,7.1,0.2,5.6,4.6,6.5,3.13,50
555,5.0,1.7,7.6,0.3,9.4,2.53,30
556,6.2,0.0,8.6,5.8,3.4,2.71,40
557,6.1,2.7,8.7,5.1,1.4,2.57,40
558,6.6,2.9,9.1,1.0,4.4,2.85,40
559,6.9,3.6,9.0,4.4,0.1,2.92,40
560,8.0,2.6,5.4,3.3,4.7,3.48,50
561,8.5,0.7,8.9,3.4,2.5,3.41,50
562,6.5,2.9,8.8,0.6,5.2,2.67,40
563,7.6,2.0,6.8,5.6,2.0,3.25,40
564,8.6,1.8,9.6,2.8,1.2,3.47,50
565,8.6,3.4,6.4,4.5,1.1,3.18,50
566,6.7,3.9,9.3,2.9,1.2,2.78,40
567,8.6,2.2,9.7,1.7,1.8,3.07,50
568,8.9,2.9,6.9,0.1,5.2,3.26,50
569,9.2,0.0,8.5,5.8,0.5,3.08,50
570,8.5,3.3,7.7,4.4,0.1,3.2,50
571,5.3,2.0,8.6,5.2,2.9,2.89,30
572,7.8,1.6,5.7,5.2,3.7,3.06,50
573,5.8,1.2,6.5,5.2,5.3,3.08,30
574,6.3,2.5,7.9,5.0,2.3,3.07,40
575,9.5,0.0,8.4,0.3,5.8,3.07,50
576,6.5,1.4,8.1,2.0,6.0,3.06,40
577,8.7,1.6,5.3,4.7,3.7,3.2,50
578,8.4,1.3,5.3,2.2,6.8,2.92,50
579,9.7,2.6,8.4,2.1,1.2,3.38,50
580,8.8,0.4,6.4,1.7,6.7,3.05,50
581,7.2,3.9,5.3,3.1,4.5,3.03,50
582,8.7,2.8,7.1,1.9,3.5,3.12,50
583,7.0,1.1,6.0,2.9,7.0,2.87,40
584,8.3,3.9,8.0,0.3,3.5,3.04,50
585,5.4,3.8,6.5,0.6,7.7,3.14,30
586,8.2,1.1,5.1,5.8,3.8,3.5,50
587,6.3,2.7,8.5,3.7,2.8,2.72,40
588,8.0,3.5,9.7,0.3,2.5,3.02,40
589,5.8,3.8,8.7,5.0,0.7,2.95,30
590,8.5,2.7,7.0,0.1,5.7,3.01,50
591,7.9,1.0,7.3,5.7,2.1,3.41,40
592,5.9,2.7,9.9,0.6,4.9,2.82,30
593,5.0,1.7,5.5,4.5,7.3,2.72,50
594,6.3,1.7,8.6,0.1,7.3,3.11,40
595,7.9,2.5,8.2,1.3,4.1,3.08,40
596,6.0,3.5,8.7,0.1,5.7,2.95,40
597,6.2,0.9,6.4,1.5,9.0,2.92,40
598,8.7,2.4,8.4,0.4,4.1,3.16,50
599,9.8,3.4,9.0,1.5,0.3,3.49,50
600,6.0,2.5,8.7,4.4,2.4,3.05,40
601,7.6,0.3,6.9,5.5,3.7,3.35,40
602,6.3,1.5,9.5,4.0,2.7,3.42,40
603,8.9,1.8,8.2,1.3,3.8,3.21,50
604,7.2,2.6,9.7,0.3,4.2,3.42,40
605,9.1,1.2,7.2,0.1,6.4,3.37,50
606,5.3,2.0,9.6,0.6,6.5,2.41,30
607,8.8,1.6,8.3,1.4,3.9,3.26,50
608,5.4,0.7,8.3,5.3,4.3,2.75,30
609,9.1,2.7,5.6,1.7,4.9,3.15,50
610,7.6,2.1,6.8,2.1,5.4,2.97,40
611,9.1,3.2,6.5,4.8,0.4,3.34,50
612,6.8,2.0,9.7,4.8,0.7,3.09,40
613,5.5,1.6,7.8,3.0,6.1,2.9,30
614,8.4,3.4,9.3,2.2,0.7,3.2,50
615,7.2,2.4,5.8,4.0,4.6,3.19,50
616,6.1,0.5,5.8,0.0,11.6,2.73,50
617,8.6,2.9,7.6,0.8,4.1,3.15,50
618,5.5,0.9,7.6,3.6,6.4,2.57,30
619,6.2,0.2,7.0,1.4,9.2,3.13,40
620,7.1,1.7,7.7,4.2,3.3,3.48,40
621,8.5,0.7,7.5,2.5,4.8,3.34,50
622,7.7,0.5,8.0,0.7,7.1,3.34,40
623,6.7,0.6,8.5,1.2,7.0,3.18,40
624,6.0,2.0,7.1,0.1,8.8,2.85,40
625,9.0,0.3,7.4,3.4,3.9,3.64,50
626,6.3,0.0,8.6,3.2,5.9,3.14,40
627,9.2,3.3,9.2,1.1,1.2,3.6,50
628,7.3,0.7,9.3,5.3,1.4,2.97,40
629,7.3,0.3,6.9,4.8,4.7,3.09,40
630,5.3,3.5,6.9,3.3,5.0,2.81,30
631,9.8,0.3,8.2,0.4,5.3,3.71,50
632,7.2,4.0,7.8,1.6,3.4,2.98,40
633,6.1,1.4,6.9,0.4,9.2,2.79,40
634,8.6,2.6,8.5,0.0,4.3,2.85,50
635,6.1,2.6,7.4,0.0,7.9,3.03,40
636,7.7,0.3,8.8,3.5,3.7,3.29,40
637,8.9,3.0,9.0,1.6,1.5,3.42,50
638,8.1,3.0,5.8,1.2,5.9,3.04,50
639,9.5,3.0,9.5,1.5,0.5,3.76,50
640,9.4,2.3,8.2,0.6,3.5,3.62,50
641,7.4,2.9,6.4,1.2,6.1,2.89,40
642,6.1,1.7,9.5,3.0,3.7,2.76,40
643,5.9,0.3,8.5,2.3,7.0,2.99,30
644,9.0,1.1,8.5,1.4,4.0,3.56,50
645,9.7,2.5,6.6,1.4,3.8,3.57,50
646,6.1,2.4,6.3,4.0,5.2,2.73,40
647,9.1,3.1,8.8,0.6,2.4,3.42,50
648,6.8,1.7,5.2,1.6,8.7,2.91,50
649,5.2,3.5,6.2,3.3,5.8,2.8,30
650,6.6,3.6,9.4,1.4,3.0,2.94,40
651,9.5,4.0,9.1,1.2,0.2,3.52,50
652,5.3,0.4,10.0,2.0,6.3,2.49,30
653,8.7,3.2,9.3,2.8,0.0,3.1,50
654,5.1,1.4,8.9,3.4,5.2,2.72,30
655,6.6,2.6,6.2,0.1,8.5,3.11,40
656,8.8,0.2,9.2,3.6,2.2,3.59,50
657,7.8,2.5,9.3,2.6,1.8,3.2,40
658,8.8,1.8,8.5,1.9,3.0,3.32,50
659,6.1,2.4,9.6,5.5,0.4,2.99,40
660,6.1,4.0,9.9,2.6,1.4,2.49,40
661,9.0,2.9,8.0,0.2,3.9,3.74,50
662,8.4,1.5,9.7,0.7,3.7,3.16,50
663,7.5,2.8,8.5,3.4,1.8,2.98,40
664,8.2,2.4,5.9,4.2,3.3,3.13,50
665,7.3,2.7,9.2,0.8,4.0,3.41,40
666,9.2,3.2,9.8,1.0,0.8,3.55,50
667,7.4,1.6,5.8,3.4,5.8,3.19,50
668,7.9,2.4,6.8,0.3,6.6,3.14,40
669,5.2,1.7,5.4,3.6,8.1,2.55,50
670,9.3,3.5,6.0,3.8,1.4,3.52,50
671,6.4,3.2,10.0,0.1,4.3,3.01,40
672,9.9,1.9,9.2,0.2,2.8,3.65,50
673,6.7,0.3,9.9,4.9,2.2,2.96,40
674,5.4,0.8,6.1,2.8,8.9,2.66,30
675,6.3,0.4,5.8,0.9,10.6,2.93,50
676,6.4,3.2,6.6,1.8,6.0,3.06,40
677,6.2,0.5,6.3,2.1,8.9,2.84,40
678,6.1,3.2,5.7,2.1,6.9,2.95,50
679,9.3,0.6,5.4,2.9,5.8,3.51,50
680,9.0,0.5,7.9,3.0,3.6,2.99,50
681,5.7,2.5,6.4,2.9,6.5,2.84,30
682,6.5,3.3,5.3,2.5,6.4,2.81,50
683,7.3,2.9,7.9,3.9,2.0,3.19,40
684,6.6,2.2,9.2,5.9,0.1,3.06,40
685,9.4,1.5,6.0,2.9,4.2,3.4,50
686,7.4,3.4,6.8,5.2,1.2,3.45,40
687,7.0,1.3,7.3,4.6,3.8,3.0,40
688,9.8,0.7,7.8,3.3,2.4,3.41,50
689,7.4,2.6,6.1,3.3,4.6,3.41,40
690,5.7,2.3,5.9,1.7,8.4,2.62,50
691,6.1,0.7,9.1,1.7,6.4,2.69,40
692,6.9,3.2,6.8,0.5,6.6,3.08,40
693,7.8,3.4,9.0,0.7,3.1,2.95,40
694,6.1,3.5,6.2,1.6,6.6,3.05,40
695,5.0,3.5,9.0,3.8,2.7,2.62,30
696,7.3,1.4,5.5,2.9,6.9,3.19,50
697,9.6,0.2,6.5,1.2,6.5,3.5,50
698,7.3,1.9,8.8,0.9,5.1,3.06,40
699,7.4,1.7,8.0,6.0,0.9,3.0,40
700,9.1,0.7,5.2,1.2,7.8,3.64,50
701,6.7,2.0,8.1,5.5,1.7,3.11,40
702,5.3,0.1,7.8,2.6,8.2,3.58,30
703,9.2,0.6,5.1,2.7,6.4,3.27,50
704,8.0,1.1,5.9,2.3,6.7,3.27,50
705,9.0,1.6,8.8,0.6,4.0,3.2,50
706,8.4,2.3,9.6,1.4,2.3,3.41,50
707,5.3,0.1,9.1,3.1,6.4,2.65,30
708,6.7,0.1,9.8,4.0,3.4,3.15,40
709,9.7,1.1,8.1,3.5,1.6,3.63,50
710,9.7,3.5,8.7,0.6,1.5,3.36,50
711,6.4,3.9,5.1,4.3,4.3,3.14,50
712,10.0,1.2,6.7,0.5,5.6,3.79,50
713,7.2,1.0,6.7,5.0,4.1,3.21,40
714,5.3,0.4,5.8,3.6,8.9,2.76,50
715,5.8,3.9,7.2,3.0,4.1,2.83,30
716,8.3,3.0,8.8,2.3,1.6,2.92,50
717,9.5,3.3,8.8,0.1,2.3,3.24,50
718,7.0,3.5,9.5,3.6,0.4,3.4,40
719,6.6,2.8,6.4,1.1,7.1,2.88,40
720,7.1,3.3,5.6,4.4,3.6,2.85,50
721,7.7,1.2,7.5,1.8,5.8,2.88,40
722,5.8,0.5,7.7,5.4,4.6,3.27,30
723,6.7,2.9,8.3,5.6,0.5,3.06,40
724,8.3,3.6,7.0,1.7,3.4,3.5,50
725,5.1,3.3,9.0,0.6,6.0,2.54,30
726,5.6,3.9,6.1,0.4,8.0,3.32,30
727,8.0,3.0,5.2,4.0,3.8,3.01,50
728,5.9,2.3,6.5,5.6,3.7,2.9,30
729,9.1,3.9,6.3,4.6,0.1,2.98,50
730,5.3,0.2,8.5,2.7,7.3,2.62,30
731,6.1,2.5,6.3,3.5,5.6,3.13,40
732,9.1,1.9,6.8,2.2,4.0,3.27,50
733,9.0,1.3,6.0,0.5,7.2,3.05,50
734,9.2,0.9,6.9,4.9,2.1,2.81,50
735,9.1,1.5,7.3,1.8,4.3,3.4,50
736,7.7,0.1,7.4,2.4,6.4,3.24,40
737,5.8,2.6,9.9,3.2,2.5,2.8,30
738,7.1,0.5,8.1,5.6,2.7,3.1,40
739,8.3,0.3,6.8,3.3,5.3,3.48,50
740,9.1,2.4,6.9,1.4,4.2,3.3,50
741,5.5,1.4,7.1,4.1,5.9,2.71,30
742,7.0,0.7,5.8,5.0,5.5,3.09,50
743,5.2,1.7,5.8,5.3,6.0,2.48,50
744,7.5,2.9,9.8,0.8,3.0,3.19,40
745,9.4,3.7,9.6,0.8,0.5,3.16,50
746,8.8,2.1,8.4,2.0,2.7,3.66,50
747,8.7,3.3,5.7,5.0,1.3,3.55,50
748,7.2,1.5,9.6,1.4,4.3,3.11,40
749,9.2,1.9,7.6,1.6,3.7,3.02,50
750,5.2,1.1,5.0,5.9,6.8,2.93,50
751,9.8,1.6,8.6,1.4,2.6,3.68,50
752,9.7,1.6,8.9,1.0,2.8,3.57,50
753,10.0,0.1,8.0,3.9,2.0,3.35,50
754,9.7,0.7,8.1,1.2,4.3,3.53,50
755,6.5,2.2,7.1,1.0,7.2,2.91,40
756,8.8,3.6,5.4,2.4,3.8,3.08,50
757,5.5,0.1,8.3,3.6,6.5,2.73,30
758,5.1,3.3,9.9,0.8,4.9,2.64,30
759,6.2,3.5,9.6,2.0,2.7,2.55,40
760,5.1,2.3,5.1,4.7,6.8,3.03,50
761,6.5,0.2,7.9,2.4,7.0,2.98,40
762,6.4,2.8,6.4,5.4,3.0,3.05,40
763,6.9,2.2,5.3,2.6,7.0,3.12,50
764,6.1,0.9,9.1,5.6,2.3,3.01,40
765,5.5,1.8,6.7,5.2,4.8,2.24,30
766,6.7,1.6,7.6,1.0,7.1,2.93,40
767,7.9,3.2,8.8,0.6,3.5,3.09,40
768,6.8,1.6,8.4,0.3,6.9,2.88,40
769,5.2,1.6,8.5,1.2,7.5,2.52,30
770,9.4,3.6,6.5,1.0,3.5,3.57,50
771,7.1,1.0,8.4,5.0,2.5,3.26,40
772,7.0,0.6,8.7,2.2,5.5,3.15,40
773,8.4,1.1,5.4,6.0,3.1,3.44,50
774,9.3,1.2,7.3,3.7,2.5,3.76,50
775,7.1,1.7,6.7,3.4,5.1,2.99,40
776,9.7,2.8,9.1,1.3,1.1,3.54,50
777,8.9,0.1,9.1,0.2,5.7,3.14,50
778,8.8,1.0,9.3,0.5,4.4,3.18,50
779,5.6,3.9,8.4,5.1,1.0,3.08,30
780,8.0,2.4,8.4,3.0,2.2,2.96,40
781,7.1,1.1,8.8,1.4,5.6,2.85,40
782,8.1,3.0,6.1,0.4,6.4,3.37,50
783,5.7,2.4,9.2,0.3,6.4,2.69,30
784,7.4,3.7,6.7,2.8,3.4,3.36,40
785,5.1,0.3,6.3,0.2,12.1,2.55,30
786,7.7,0.7,6.5,4.0,5.1,3.54,40
787,9.8,0.2,9.5,2.6,1.9,3.47,50
788,5.3,0.4,8.0,2.0,8.3,3.37,30
789,9.6,1.6,5.7,4.3,2.8,3.49,50
790,8.5,3.6,9.0,2.0,0.9,2.9,50
791,8.4,3.8,6.5,0.0,5.3,3.08,50
792,8.3,2.5,8.0,0.1,5.1,3.1,50
793,8.6,1.3,8.3,3.2,2.6,3.11,50
794,5.5,3.3,9.6,3.6,2.0,2.75,30
795,5.5,1.6,8.6,4.7,3.6,2.64,30
796,6.3,0.1,7.7,5.1,4.8,3.22,40
797,9.8,2.3,7.6,0.4,3.9,3.04,50
798,8.0,1.6,6.2,0.6,7.6,3.38,40
799,6.6,0.4,5.9,5.9,5.2,3.27,50
800,9.4,4.0,7.9,2.2,0.5,2.91,50
801,6.6,1.2,7.0,4.0,5.2,2.76,40
802,5.7,2.5,5.6,3.5,6.7,3.08,50
803,8.5,2.8,8.8,3.4,0.5,3.63,50
804,8.1,0.7,5.1,1.7,8.4,3.21,50
805,7.2,2.5,9.2,1.0,4.1,3.07,40
806,7.9,2.2,5.4,0.3,8.2,2.99,50
807,5.5,2.3,7.7,1.4,7.1,3.05,30
808,5.2,2.0,8.4,1.5,6.9,2.88,30
809,6.5,2.5,9.5,4.5,1.0,3.29,40
810,6.8,2.6,7.3,1.1,6.2,3.13,40
811,8.5,2.2,6.8,5.5,1.0,3.07,50
812,8.4,1.6,8.8,2.4,2.8,3.51,50
813,7.1,3.7,6.3,0.7,6.2,3.15,40
814,6.9,0.2,6.7,3.0,7.2,3.05,40
815,5.8,2.6,10.0,2.5,3.1,2.64,30
816,5.6,3.5,7.1,2.3,5.5,2.5,30
817,8.3,1.8,8.2,0.4,5.3,3.33,50
818,5.8,1.9,8.0,3.5,4.8,2.9,30
819,7.0,1.4,5.6,2.4,7.6,3.15,50
820,6.0,0.2,7.8,3.6,6.4,2.75,40
821,9.4,2.3,6.7,4.5,1.1,3.25,50
822,7.8,3.6,7.0,1.7,3.9,3.19,40
823,5.7,0.6,7.2,3.6,6.9,2.96,30
824,9.1,0.3,7.4,3.8,3.4,3.66,50
825,9.1,3.1,6.4,5.1,0.3,3.45,50
826,7.9,3.7,8.4,1.9,2.1,2.68,40
827,9.0,3.8,5.1,5.9,0.2,3.22,50
828,7.2,2.6,6.9,0.3,7.0,3.0,40
829,8.0,3.6,6.9,1.2,4.3,3.08,40
830,9.1,3.3,7.9,1.3,2.4,3.35,50
831,9.0,2.2,9.1,2.3,1.4,3.44,50
832,7.1,3.8,7.7,3.3,2.1,3.33,40
833,6.1,2.5,7.9,1.1,6.4,2.94,40
834,8.8,2.1,6.1,4.0,3.0,3.2,50
835,5.4,1.8,5.8,1.1,9.9,2.71,50
836,5.3,1.6,7.6,2.9,6.6,2.54,30
837,6.9,3.4,5.7,3.0,5.0,3.37,50
838,9.4,2.2,9.8,0.1,2.5,3.79,50
839,5.5,0.2,5.9,3.2,9.2,2.74,50
840,9.7,3.4,6.5,0.3,4.1,3.48,50
841,5.8,0.5,5.6,3.1,9.0,2.73,50
842,9.9,2.7,9.7,0.2,1.5,3.23,50
843,6.9,2.2,5.4,0.0,9.5,3.27,50
844,7.1,2.0,7.1,0.1,7.7,3.34,40
845,6.7,0.7,5.5,5.7,5.4,3.31,50
846,6.6,1.6,6.2,0.6,9.0,3.12,40
847,5.9,3.2,8.4,3.3,3.2,3.05,30
848,5.4,1.1,6.7,4.7,6.1,2.8,30
849,10.0,1.0,9.4,3.0,0.6,3.4,50
850,7.0,3.9,5.9,4.8,2.4,2.78,50
851,6.7,2.9,7.1,3.5,3.8,3.09,40
852,9.3,0.2,8.5,0.8,5.2,3.49,50
853,7.1,2.2,7.0,3.1,4.6,2.87,40
854,5.7,0.6,9.7,5.3,2.7,3.18,30
855,9.5,4.0,6.0,1.6,2.9,3.39,50
856,7.1,1.4,8.0,3.5,4.0,3.48,40
857,5.8,1.9,7.8,3.4,5.1,3.01,30
858,5.1,1.4,8.9,3.4,5.2,2.6,30
859,6.3,2.8,7.8,4.8,2.3,3.08,40
860,7.4,0.5,6.3,2.5,7.3,3.4,40
861,8.0,2.1,6.4,0.0,7.5,2.83,40
862,8.7,0.1,7.9,5.6,1.7,3.3,50
863,5.9,1.9,5.5,3.8,6.9,2.45,50
864,7.6,3.6,6.0,0.1,6.7,3.38,40
865,9.3,2.3,9.5,1.7,1.2,3.34,50
866,8.7,3.7,7.9,0.7,3.0,3.57,50
867,6.3,0.8,6.2,1.8,8.9,3.37,40
868,7.1,2.5,5.4,0.5,8.5,3.33,50
869,5.9,2.1,6.1,1.7,8.2,3.13,30
870,5.1,2.6,8.3,4.8,3.2,2.69,30
871,9.7,0.1,5.8,5.3,3.1,3.92,50
872,8.3,2.7,9.7,3.3,0.0,2.95,50
873,8.6,1.1,9.4,0.2,4.7,3.36,50
874,6.3,0.9,5.7,5.2,5.9,2.9,50
875,7.5,2.7,6.2,4.5,3.1,2.97,40
876,7.1,0.8,9.9,3.9,2.3,3.28,40
877,9.7,1.2,8.9,3.2,1.0,3.26,50
878,8.4,2.9,7.9,1.0,3.8,3.2,50
879,7.5,1.2,7.1,3.9,4.3,2.96,40
880,7.0,1.1,6.0,4.7,5.2,3.2,40
881,9.5,1.5,8.8,3.8,0.4,3.36,50
882,9.8,1.5,6.7,0.4,5.6,3.54,50
883,7.4,0.4,6.2,1.9,8.1,3.16,40
884,6.5,3.4,9.3,3.7,1.1,3.02,40
885,5.7,2.8,9.7,4.0,1.8,2.86,30
886,8.2,2.0,5.6,1.9,6.3,2.81,50
887,9.0,3.4,5.7,5.6,0.3,3.59,50
888,8.8,3.2,9.7,0.7,1.6,3.07,50
889,9.3,0.5,8.5,4.2,1.5,3.17,50
890,9.4,0.7,5.3,4.3,4.3,3.57,50
891,7.4,3.4,6.9,1.0,5.3,3.15,40
892,5.9,2.9,7.6,3.6,4.0,3.13,30
893,7.3,3.3,9.1,3.1,1.2,3.34,40
894,6.8,3.5,8.6,0.6,4.5,3.23,40
895,7.0,3.5,5.2,5.8,2.5,3.26,50
896,6.4,1.0,9.7,1.8,5.1,3.25,40
897,8.9,1.6,5.7,0.1,7.7,3.42,50
898,6.8,1.4,6.7,3.1,6.0,3.03,40
899,7.2,3.5,7.5,2.9,2.9,3.04,40
900,8.3,2.4,7.1,2.5,3.7,3.22,50
901,8.9,0.8,9.1,3.4,1.8,3.1,50
902,6.3,3.0,7.6,1.9,5.2,2.48,40
903,8.0,4.0,7.2,4.4,0.4,3.11,40
904,6.0,1.7,6.1,0.0,10.2,2.87,40
905,9.6,3.4,8.7,0.4,1.9,3.5,50
906,7.2,0.5,7.6,2.1,6.6,3.11,40
907,6.9,2.5,8.6,0.7,5.3,3.29,40
908,6.7,1.8,8.4,3.1,4.0,2.92,40
909,9.3,3.5,5.0,4.7,1.5,3.45,50
910,7.4,3.9,8.8,1.0,2.9,3.11,40
911,7.7,4.0,9.3,0.3,2.7,2.96,40
912,5.0,1.6,6.2,4.9,6.3,3.01,30
913,6.7,3.3,5.0,1.8,7.2,2.85,50
914,5.3,0.7,7.8,1.7,8.5,2.64,30
915,7.1,1.5,9.4,5.4,0.6,2.65,40
916,5.5,3.8,5.3,1.8,7.6,2.81,50
917,6.5,1.3,5.8,4.7,5.7,3.04,50
918,5.6,0.3,9.5,1.1,7.5,2.66,30
919,9.1,2.2,5.4,5.7,1.6,3.48,50
920,5.8,3.4,5.1,3.1,6.6,2.79,50
921,8.8,3.7,9.5,1.6,0.4,3.29,50
922,6.4,1.2,6.9,2.4,7.1,3.0,40
923,7.7,0.6,8.5,1.0,6.2,3.16,40
924,9.0,3.0,8.2,0.6,3.2,2.96,50
925,7.7,0.3,6.9,2.5,6.6,3.08,40
926,5.9,1.6,9.7,0.8,6.0,2.86,30
927,8.8,0.4,9.9,1.9,3.0,3.19,50
928,8.1,0.8,5.7,5.6,3.8,3.45,50
929,9.6,3.5,8.1,2.3,0.5,3.4,50
930,6.6,2.5,6.8,0.9,7.2,2.88,40
931,8.0,3.3,6.9,0.8,5.0,3.08,40
932,6.5,2.6,8.0,4.2,2.7,2.83,40
933,6.8,3.3,6.0,2.8,5.1,2.92,40
934,5.5,3.5,6.7,4.1,4.2,2.92,30
935,5.1,2.8,6.6,0.3,9.2,2.49,30
936,6.9,0.3,5.7,1.8,9.3,3.15,50
937,5.4,3.6,5.0,2.9,7.1,2.74,50
938,9.6,0.6,9.8,0.8,3.2,3.29,50
939,8.7,2.2,9.4,2.0,1.7,3.03,50
940,5.8,3.7,6.6,2.2,5.7,2.9,30
941,8.8,1.4,9.8,3.0,1.0,3.51,50
942,5.2,1.0,7.3,1.4,9.1,2.83,30
943,8.7,3.7,7.1,1.5,3.0,3.29,50
944,7.4,1.4,9.5,3.2,2.5,3.22,40
945,8.8,3.2,6.7,2.3,3.0,3.24,50
946,9.0,3.8,8.1,2.3,0.8,3.55,50
947,9.0,3.4,7.0,0.2,4.4,3.68,50
948,7.3,3.0,6.8,3.8,3.1,2.91,40
949,5.9,3.0,7.7,1.2,6.2,3.09,30
950,7.4,0.9,9.8,4.2,1.7,2.94,40
951,9.8,1.7,7.4,4.6,0.5,3.84,50
952,6.3,1.8,5.6,1.2,9.1,2.99,50
953,5.0,0.2,9.9,1.5,7.4,2.94,30
954,7.8,0.6,8.6,3.6,3.4,3.26,40
955,8.7,3.1,9.9,1.3,1.0,3.55,50
956,5.3,3.6,5.6,2.0,7.5,2.53,50
957,9.1,2.4,7.0,2.6,2.9,3.28,50
958,9.3,0.4,8.9,4.6,0.8,3.58,50
959,5.9,1.7,5.8,4.2,6.4,3.32,50
960,6.0,0.8,5.2,1.9,10.1,3.01,50
961,7.8,3.4,8.3,2.0,2.5,3.18,40
962,6.3,0.2,8.6,0.7,8.2,3.1,40
963,6.5,2.1,7.8,3.6,4.0,2.9,40
964,8.1,3.9,8.6,3.1,0.3,2.99,50
965,8.8,2.4,6.0,4.0,2.8,3.59,50
966,7.4,2.1,6.7,3.1,4.7,3.44,40
967,6.0,3.2,5.9,0.5,8.4,3.28,50
968,7.2,1.1,7.8,2.1,5.8,2.93,40
969,9.7,3.7,7.5,1.0,2.1,3.04,50
970,9.6,0.0,7.8,4.4,2.2,3.38,50
971,7.4,0.3,9.9,3.1,3.3,2.84,40
972,7.4,1.7,5.4,0.6,8.9,3.23,50
973,9.2,1.0,6.0,3.0,4.8,3.18,50
974,5.2,0.2,9.2,0.7,8.7,2.82,30
975,5.2,1.8,9.2,1.6,6.2,2.68,30
976,7.2,2.3,7.9,2.0,4.6,3.06,40
977,6.6,0.4,6.8,0.6,9.6,3.31,40
978,6.4,2.5,7.3,2.9,4.9,3.12,40
979,8.8,1.1,6.6,5.5,2.0,3.32,50
980,9.6,2.4,7.7,1.1,3.2,3.3,50
981,6.7,3.4,7.8,3.1,3.0,2.98,40
982,8.0,0.3,8.4,5.6,1.7,3.28,40
983,7.9,0.5,7.9,4.6,3.1,3.38,40
984,8.2,3.6,8.1,0.5,3.6,3.18,50
985,6.5,0.8,9.5,4.6,2.6,2.74,40
986,5.9,3.0,7.4,1.4,6.3,3.1,30
987,8.1,0.2,6.6,2.8,6.3,3.14,50
988,6.0,3.1,7.1,3.4,4.4,2.84,40
989,5.1,0.1,7.2,4.9,6.7,2.94,30
990,6.9,3.3,5.7,5.6,2.5,3.05,50
991,8.8,3.8,8.4,1.1,1.9,3.3,50
992,6.7,2.8,8.8,5.3,0.4,3.05,40
993,6.0,3.2,8.7,0.4,5.7,2.6,40
994,6.5,3.9,8.2,3.9,1.5,2.82,40
995,9.9,1.5,9.0,1.6,2.0,3.44,50
996,9.7,0.9,6.6,4.5,2.3,3.5,50
997,7.0,2.4,7.2,4.5,2.9,3.0,40
998,5.8,1.4,7.0,0.3,9.5,2.49,30
999,7.9,3.5,5.8,3.6,3.2,3.01,50
1000,8.5,1.6,7.5,0.0,6.4,3.63,50
1001,8.5,2.6,5.2,2.2,5.5,3.26,50
1002,7.5,3.6,8.6,2.5,1.8,3.19,40
1003,9.0,3.5,7.3,2.0,2.2,3.43,50
1004,8.5,0.3,9.3,2.8,3.1,3.26,50
1005,5.3,2.2,7.1,5.3,4.1,2.9,30
1006,7.8,0.2,9.9,3.1,3.0,3.07,40
1007,6.5,1.9,9.3,1.8,4.5,2.92,40
1008,6.5,3.1,7.4,1.4,5.6,2.93,40
1009,5.8,1.3,9.7,2.1,5.1,2.87,30
1010,5.9,3.6,7.3,4.3,2.9,2.95,30
1011,9.9,0.2,5.5,4.3,4.1,3.32,50
1012,5.2,0.1,8.9,0.8,9.0,2.66,30
1013,7.3,2.4,7.1,0.2,7.0,3.17,40
1014,7.2,2.1,7.4,2.3,5.0,3.13,40
1015,9.4,3.6,6.7,2.6,1.7,2.81,50
1016,6.4,3.8,5.7,3.5,4.6,3.07,50
1017,6.4,1.1,7.0,6.0,3.5,2.98,40
1018,5.4,0.6,7.2,3.1,7.7,2.68,30
1019,6.3,1.3,5.4,1.8,9.2,3.1,50
1020,9.5,0.0,9.1,5.1,0.3,3.05,50
1021,5.5,0.6,9.8,3.2,4.9,3.2,30
1022,8.7,4.0,6.4,2.6,2.3,3.21,50
1023,7.7,1.6,5.8,5.9,3.0,3.15,50
1024,8.0,0.9,7.7,4.2,3.2,3.44,40
1025,7.6,4.0,8.1,1.6,2.7,3.02,40
1026,6.9,1.4,7.2,4.7,3.8,3.14,40
1027,7.4,3.2,7.9,1.9,3.6,2.99,40
1028,6.1,2.0,6.3,0.1,9.5,3.05,40
1029,8.2,2.0,7.2,5.8,0.8,3.45,50
1030,5.7,2.3,9.3,3.5,3.2,2.9,30
1031,8.6,1.5,5.5,2.7,5.7,3.49,50
1032,6.2,3.9,9.8,1.0,3.1,2.87,40
1033,6.7,3.6,9.8,1.7,2.2,3.06,40
1034,8.4,1.1,8.7,0.3,5.5,2.86,50
1035,5.2,1.5,6.8,1.9,8.6,2.38,30
1036,6.0,1.2,9.9,2.5,4.4,2.88,40
1037,7.2,2.3,9.9,1.1,3.5,3.31,40
1038,8.0,0.4,8.4,0.4,6.8,3.39,40
1039,8.0,3.0,6.1,5.0,1.9,2.9,40
1040,5.7,3.8,5.4,1.2,7.9,2.81,50
1041,6.7,2.5,7.7,0.8,6.3,2.81,40
1042,6.1,1.6,8.5,1.3,6.5,2.76,40
1043,6.8,1.6,9.9,5.4,0.3,2.89,40
1044,5.3,1.3,6.3,3.0,8.1,2.94,30
1045,8.9,3.4,9.2,0.9,1.6,3.11,50
1046,5.3,2.8,5.0,2.5,8.4,3.02,50
1047,6.6,2.8,8.8,1.8,4.0,2.87,40
1048,7.2,2.9,8.5,5.3,0.1,3.26,40
1049,6.1,2.6,8.0,5.5,1.8,3.01,40
1050,7.8,1.1,7.4,2.0,5.7,3.04,40
1051,7.9,3.6,7.8,3.0,1.7,3.05,40
1052,6.2,2.0,6.6,1.1,8.1,2.94,40
1053,7.5,1.3,6.3,2.8,6.1,3.21,40
1054,5.5,3.1,9.0,4.6,1.8,2.97,30
1055,5.6,2.6,9.2,3.5,3.1,2.72,30
1056,7.6,0.1,8.2,0.5,7.6,3.56,40
1057,7.2,1.2,7.7,0.8,7.1,3.28,40
1058,5.8,0.4,5.7,5.3,6.8,3.0,50
1059,7.6,1.9,5.5,3.9,5.1,3.17,50
1060,8.1,0.3,5.6,0.3,9.7,3.25,50
1061,6.3,0.5,6.3,2.3,8.6,2.97,40
1062,9.2,2.8,5.6,4.4,2.0,3.5,50
1063,6.4,2.6,6.7,6.0,2.3,2.78,40
1064,9.7,0.1,8.5,4.1,1.6,3.26,50
1065,9.2,3.9,9.9,0.1,0.9,3.48,50
1066,8.2,0.5,8.3,5.9,1.1,3.44,50
1067,9.6,1.8,5.2,2.2,5.2,3.55,50
1068,7.3,0.2,7.1,2.8,6.6,3.27,40
1069,9.6,2.6,6.6,2.7,2.5,3.37,50
1070,6.8,2.7,8.3,4.3,1.9,2.58,40
1071,6.3,1.3,5.6,3.9,6.9,2.97,50
1072,9.3,3.6,7.2,1.8,2.1,3.3,50
1073,5.4,2.7,9.1,1.5,5.3,3.04,30
1074,9.4,1.0,7.8,1.1,4.7,3.36,50
1075,5.5,3.6,9.1,4.4,1.4,2.44,30
1076,7.7,0.4,8.8,3.5,3.6,3.0,40
1077,5.9,0.8,5.9,0.3,11.1,3.11,50
1078,5.1,0.2,7.9,4.9,5.9,2.82,30
1079,6.6,1.4,8.0,1.6,6.4,3.23,40
1080,8.7,2.7,6.0,2.1,4.5,3.67,50
1081,5.6,0.5,8.4,5.2,4.3,2.86,30
1082,5.9,0.4,9.1,3.5,5.1,2.96,30
1083,8.1,3.1,8.5,3.6,0.7,3.12,50
1084,8.2,1.3,9.8,0.2,4.5,3.38,50
1085,7.9,0.7,8.6,1.1,5.7,3.18,40
1086,9.6,0.8,5.7,4.6,3.3,3.12,50
1087,7.5,3.6,5.7,3.9,3.3,3.01,50
1088,8.4,2.4,8.8,1.4,3.0,3.17,50
1089,7.2,1.6,9.9,1.5,3.8,2.89,40
1090,7.8,1.0,9.6,1.5,4.1,2.9,40
1091,9.5,0.4,8.3,5.3,0.5,3.56,50
1092,8.4,1.2,5.9,1.8,6.7,3.25,50
1093,5.5,0.6,5.5,2.5,9.9,2.74,50
1094,5.7,2.6,6.0,0.6,9.1,2.92,30
1095,5.8,3.7,9.1,1.9,3.5,2.97,30
1096,8.4,2.7,8.1,1.3,3.5,3.68,50
1097,5.2,1.8,9.5,3.4,4.1,2.88,30
1098,8.4,3.9,9.9,1.2,0.6,3.08,50
1099,6.2,3.2,5.5,4.7,4.4,2.89,50
1100,8.2,1.7,7.2,1.9,5.0,3.38,50
1101,8.8,3.7,9.7,0.3,1.5,3.39,50
1102,6.3,0.3,6.3,5.5,5.6,3.06,40
1103,8.2,2.9,6.3,4.3,2.3,3.21,50
1104,8.1,0.6,9.1,1.4,4.8,3.15,50
1105,8.3,1.6,8.0,0.6,5.5,3.4,50
1106,10.0,0.8,6.3,4.0,2.9,3.39,50
1107,9.8,3.7,7.5,2.4,0.6,3.35,50
1108,6.4,3.3,6.9,0.5,6.9,2.9,40
1109,6.7,3.9,8.1,2.2,3.1,2.89,40
1110,5.4,0.2,5.6,3.5,9.3,2.98,50
1111,9.6,2.0,9.2,1.4,1.8,3.64,50
1112,5.9,1.4,8.2,0.4,8.1,3.07,30
1113,6.8,2.1,10.0,2.4,2.7,2.96,40
1114,9.0,2.4,9.4,1.3,1.9,3.61,50
1115,8.0,2.5,7.1,0.9,5.5,3.13,40
1116,6.1,2.9,6.6,3.0,5.4,3.01,40
1117,5.8,3.8,9.3,4.4,0.7,3.16,30
1118,5.7,0.0,5.1,3.5,9.7,2.75,50
1119,7.3,2.1,5.0,2.5,7.1,3.0,50
1120,8.7,0.9,9.1,3.1,2.2,3.65,50
1121,6.1,0.9,8.1,5.0,3.9,2.61,40
1122,9.3,2.7,7.2,2.3,2.5,3.29,50
1123,6.0,2.5,6.8,6.0,2.7,2.5,40
1124,7.8,3.7,9.0,1.6,1.9,2.6,40
1125,8.6,2.3,7.5,1.1,4.5,2.97,50
1126,9.6,1.3,9.8,1.8,1.5,3.39,50
1127,8.2,2.2,5.6,2.3,5.7,3.28,50
1128,7.2,3.1,6.1,1.0,6.6,2.92,40
1129,7.0,3.7,8.6,2.0,2.7,2.88,40
1130,9.9,2.7,6.4,2.9,2.1,3.49,50
1131,5.5,3.9,5.9,3.9,4.8,2.99,50
1132,8.9,2.7,8.1,3.8,0.5,3.14,50
1133,5.4,1.3,6.2,5.9,5.2,3.1,30
1134,8.4,0.8,6.2,1.7,6.9,3.12,50
1135,7.1,0.9,5.1,5.3,5.6,3.05,50
1136,6.7,0.0,8.4,5.0,3.9,3.05,40
1137,5.7,0.6,9.0,3.7,5.0,2.88,30
1138,6.5,1.5,8.8,4.9,2.3,2.88,40
1139,7.0,3.8,7.0,4.6,1.6,3.24,40
1140,9.5,0.3,9.7,3.7,0.8,3.42,50
1141,9.0,0.8,9.0,4.4,0.8,3.37,50
1142,5.2,0.6,7.7,3.5,7.0,2.77,30
1143,8.2,0.1,9.8,0.3,5.6,3.37,50
1144,8.3,3.3,5.1,3.3,4.0,3.27,50
1145,7.3,2.0,5.4,4.1,5.2,3.41,50
1146,7.4,0.6,8.2,1.0,6.8,3.11,40
1147,9.4,2.5,5.8,5.8,0.5,3.25,50
1148,8.1,1.0,9.0,4.8,1.1,3.22,50
1149,9.9,2.0,7.3,3.6,1.2,3.51,50
1150,7.7,0.4,7.1,5.1,3.7,2.94,40
1151,9.3,0.4,5.5,1.6,7.2,3.29,50
1152,8.1,1.4,8.9,1.3,4.3,3.27,50
1153,8.2,0.9,8.6,5.2,1.1,3.03,50
1154,7.1,0.6,8.5,4.6,3.2,3.11,40
1155,5.5,2.0,9.1,5.6,1.8,2.95,30
1156,7.7,1.6,9.2,2.7,2.8,3.16,40
1157,7.4,2.0,9.2,4.5,0.9,2.77,40
1158,7.5,2.3,6.2,4.8,3.2,2.93,40
1159,7.4,1.3,5.5,1.4,8.4,3.09,50
1160,5.8,1.8,6.5,0.2,9.7,2.92,30
1161,6.6,2.2,7.8,2.1,5.3,3.09,40
1162,6.9,1.0,6.2,2.7,7.2,3.02,40
1163,8.8,0.8,8.5,0.1,5.8,3.61,50
1164,6.7,2.3,6.0,4.5,4.5,2.92,40
1165,5.3,3.4,6.0,5.2,4.1,3.06,30
1166,6.6,3.6,5.6,1.1,7.1,2.82,50
1167,7.5,0.3,6.0,5.7,4.5,3.11,40
1168,9.6,2.2,6.3,4.1,1.8,3.49,50
1169,8.3,4.0,6.3,3.6,1.8,3.36,50
1170,7.5,1.2,5.8,1.7,7.8,3.25,50
1171,6.9,3.0,7.7,0.5,5.9,3.17,40
1172,8.2,3.2,7.3,1.9,3.4,3.2,50
1173,5.5,3.5,8.9,1.0,5.1,2.3,30
1174,8.1,3.8,7.9,2.3,1.9,3.72,50
1175,5.3,0.3,5.9,0.2,12.3,2.97,50
1176,5.7,3.3,5.8,1.8,7.4,3.04,50
1177,6.2,1.5,6.3,2.9,7.1,2.97,40
1178,5.3,0.6,5.3,3.8,9.0,2.79,50
1179,5.3,3.3,7.6,3.2,4.6,2.55,30
1180,6.0,1.3,8.0,1.3,7.4,2.95,40
1181,5.6,3.9,5.1,4.8,4.6,2.7,50
1182,5.7,0.6,8.5,3.9,5.3,3.05,30
1183,8.9,3.7,8.5,0.5,2.4,3.46,50
1184,6.0,0.3,8.5,2.4,6.8,2.81,40
1185,9.6,2.6,5.5,5.7,0.6,3.28,50
1186,7.0,0.2,7.5,0.7,8.6,2.81,40
1187,7.0,1.4,8.9,4.8,1.9,2.97,40
1188,6.9,0.6,9.0,4.2,3.3,2.83,40
1189,6.0,1.5,5.5,3.8,7.2,2.8,50
1190,7.9,3.6,7.8,0.8,3.9,3.45,40
1191,6.9,3.4,8.2,3.6,1.9,3.37,40
1192,8.8,2.4,5.8,4.8,2.2,3.38,50
1193,8.6,0.3,7.3,1.0,6.8,3.51,50
1194,8.1,2.7,9.2,0.9,3.1,2.78,50
1195,5.6,3.4,5.8,5.8,3.4,2.84,50
1196,9.9,0.4,6.5,3.8,3.4,3.73,50
1197,6.8,3.7,5.3,3.3,4.9,3.37,50
1198,6.3,1.5,9.2,1.2,5.8,3.15,40
1199,9.1,2.3,8.8,2.7,1.1,3.43,50
1200,9.3,1.7,9.8,1.4,1.8,3.12,50
1201,5.7,1.6,9.8,1.9,5.0,2.72,30
1202,8.6,1.2,8.9,2.3,3.0,3.24,50
1203,7.4,3.1,6.9,2.7,3.9,2.82,40
1204,7.6,3.2,6.8,3.1,3.3,2.87,40
1205,8.4,1.1,6.4,5.6,2.5,3.37,50
1206,8.2,0.1,8.1,3.1,4.5,3.56,50
1207,7.7,1.4,5.4,1.2,8.3,3.13,50
1208,7.3,0.2,5.2,4.3,7.0,3.21,50
1209,7.7,2.0,6.2,4.5,3.6,3.07,40
1210,7.3,1.1,6.2,3.9,5.5,3.0,40
1211,8.3,3.3,7.1,0.4,4.9,3.56,50
1212,5.0,2.1,5.2,3.4,8.3,2.9,50
1213,9.6,3.9,7.7,1.3,1.5,3.47,50
1214,5.3,1.9,6.2,2.8,7.8,2.87,30
1215,7.3,2.3,6.8,1.0,6.6,3.35,40
1216,8.3,1.4,9.7,4.2,0.4,3.25,50
1217,6.0,0.2,8.7,5.0,4.1,3.04,40
1218,5.1,1.0,7.3,3.8,6.8,3.24,30
1219,7.8,3.0,6.4,3.4,3.4,3.14,40
1220,8.8,2.8,10.0,0.7,1.7,3.16,50
1221,7.5,1.3,7.2,5.1,2.9,3.27,40
1222,6.0,3.5,5.3,5.3,3.9,2.97,50
1223,6.6,1.3,7.6,5.6,2.9,2.96,40
1224,9.3,1.6,6.0,2.5,4.6,3.31,50
1225,6.9,3.7,8.8,2.3,2.3,3.03,40
1226,5.3,1.0,7.2,0.9,9.6,2.85,30
1227,9.7,3.1,6.3,2.9,2.0,3.5,50
1228,9.4,2.1,8.9,2.0,1.6,3.43,50
1229,7.8,0.5,5.6,3.2,6.9,3.36,50
1230,9.8,1.9,5.3,3.3,3.7,3.93,50
1231,9.2,4.0,7.2,1.2,2.4,3.1,50
1232,5.2,1.4,6.3,4.1,7.0,3.12,30
1233,9.7,1.1,9.1,0.2,3.9,3.3,50
1234,9.7,3.1,8.3,2.4,0.5,3.47,50
1235,8.2,3.9,8.6,3.1,0.2,3.02,50
1236,7.6,0.5,8.0,2.9,5.0,3.15,40
1237,8.1,0.0,6.0,2.9,7.0,3.19,50
1238,7.1,2.9,8.0,1.8,4.2,3.17,40
1239,7.1,0.9,9.8,0.8,5.4,3.01,40
1240,6.1,3.1,6.0,0.5,8.3,2.9,40
1241,7.4,0.0,5.4,4.8,6.4,3.14,50
1242,9.3,2.7,5.3,4.7,2.0,3.41,50
1243,9.2,3.2,7.5,1.0,3.1,3.48,50
1244,9.9,0.6,6.1,1.3,6.1,3.63,50
1245,9.0,0.7,5.3,6.0,3.0,3.56,50
1246,7.8,3.6,9.6,0.0,3.0,3.09,40
1247,5.4,1.0,8.3,5.3,4.0,3.27,30
1248,5.9,3.2,9.8,1.4,3.7,2.71,30
1249,7.5,0.3,7.8,3.0,5.4,3.09,40
1250,6.7,2.1,7.9,0.1,7.2,2.78,40
1251,8.8,2.9,6.8,0.3,5.2,3.17,50
1252,5.9,2.3,5.8,2.1,7.9,2.66,50
1253,8.5,2.2,6.9,2.5,3.9,3.25,50
1254,5.4,3.5,5.4,4.2,5.5,2.81,50
1255,9.6,1.1,6.9,3.4,3.0,3.37,50
1256,8.3,1.6,7.4,0.3,6.4,3.29,50
1257,6.0,3.2,7.3,1.8,5.7,3.11,40
1258,8.7,1.1,5.6,1.5,7.1,3.24,50
1259,9.6,2.3,7.7,2.6,1.8,3.67,50
1260,7.6,0.5,5.6,3.2,7.1,3.04,50
1261,9.7,1.2,9.3,2.9,0.9,3.51,50
1262,6.0,1.5,7.5,4.4,4.6,2.8,40
1263,5.6,1.6,7.4,3.2,6.2,2.75,30
1264,9.0,2.8,7.8,3.1,1.3,3.43,50
1265,7.1,0.6,8.3,3.1,4.9,2.79,40
1266,9.5,2.3,5.4,2.7,4.1,3.67,50
1267,8.8,3.2,7.5,4.0,0.5,3.2,50
1268,9.5,3.6,8.4,2.1,0.4,3.11,50
1269,5.4,3.5,6.6,1.1,7.4,2.72,30
1270,6.3,1.3,5.7,1.8,8.9,2.65,50
1271,7.9,1.8,6.7,4.5,3.1,3.24,40
1272,6.7,3.0,5.8,0.8,7.7,3.09,50
1273,6.7,3.2,6.2,0.4,7.5,2.74,40
1274,7.8,2.1,8.3,1.4,4.4,3.31,40
1275,9.3,1.2,8.5,0.1,4.9,3.1,50
1276,7.7,0.3,9.0,1.3,5.7,2.9,40
1277,8.4,3.2,7.8,3.4,1.2,3.02,50
1278,9.0,1.2,7.9,4.4,1.5,3.62,50
1279,6.9,1.2,7.3,4.9,3.7,3.05,40
1280,8.3,3.6,5.5,1.4,5.2,3.4,50
1281,8.5,3.3,9.3,1.2,1.7,3.25,50
1282,6.2,1.2,8.9,0.5,7.2,2.76,40
1283,9.1,1.7,8.0,0.5,4.7,3.23,50
1284,9.8,3.2,7.3,0.8,2.9,3.42,50
1285,9.7,1.4,5.8,3.4,3.7,3.67,50
1286,7.4,4.0,8.4,0.3,3.9,3.15,40
1287,10.0,1.6,6.4,3.3,2.7,3.39,50
1288,5.0,1.8,9.2,3.4,4.6,2.7,30
1289,10.0,1.1,6.4,1.0,5.5,3.4,50
1290,9.0,3.6,9.9,0.3,1.2,3.19,50
1291,9.4,1.3,5.6,5.2,2.5,3.2,50
1292,7.1,1.1,8.7,2.7,4.4,3.15,40
1293,9.9,0.2,6.8,2.9,4.2,3.09,50
1294,8.6,3.5,9.7,1.8,0.4,3.3,50
1295,9.3,2.2,9.1,1.0,2.4,3.07,50
1296,7.3,1.1,9.8,1.8,4.0,2.91,40
1297,5.5,2.1,5.3,0.7,10.4,2.79,50
1298,7.2,3.2,8.7,2.1,2.8,2.78,40
1299,6.7,1.3,8.9,0.3,6.8,2.79,40
1300,6.2,3.7,9.3,3.4,1.4,2.92,40
1301,7.4,2.1,9.9,4.4,0.2,3.23,40
1302,6.0,0.9,8.4,2.4,6.3,2.79,40
1303,9.7,0.4,7.6,5.5,0.8,3.73,50
1304,5.8,3.9,9.6,0.8,3.9,2.57,30
1305,5.6,0.3,9.5,1.2,7.4,2.57,30
1306,8.0,0.3,6.1,5.6,4.0,2.76,40
1307,9.5,3.1,5.1,2.0,4.3,3.14,50
1308,9.5,2.5,5.4,5.5,1.1,3.59,50
1309,9.8,0.3,7.7,1.8,4.4,3.23,50
1310,7.9,3.8,7.5,0.4,4.4,3.11,40
1311,8.1,1.4,9.3,2.3,2.9,3.11,50
1312,8.8,1.1,8.8,1.1,4.2,3.22,50
1313,6.6,1.9,9.7,5.4,0.4,2.88,40
1314,5.7,2.0,7.3,5.4,3.6,2.62,30
1315,9.7,1.5,7.5,4.8,0.5,3.3,50
1316,6.1,0.8,5.2,3.9,8.0,2.56,50
1317,6.3,0.2,6.2,4.8,6.5,2.93,40
1318,7.1,3.9,6.0,1.3,5.7,3.3,40
1319,6.5,0.7,6.9,5.5,4.4,2.71,40
1320,9.7,0.2,6.1,3.4,4.6,3.81,50
1321,8.1,0.2,7.0,3.9,4.8,3.41,50
1322,6.6,0.4,7.1,0.8,9.1,3.27,40
1323,9.7,1.9,6.6,4.4,1.4,3.06,50
1324,9.1,3.5,8.4,0.1,2.9,3.36,50
1325,7.8,3.1,5.7,1.4,6.0,3.14,50
1326,7.2,0.0,9.1,2.2,5.5,3.41,40
1327,7.7,2.7,8.5,4.9,0.2,2.68,40
1328,9.8,2.6,6.5,0.6,4.5,3.62,50
1329,9.2,1.4,8.3,2.4,2.7,3.47,50
1330,5.3,1.7,7.7,2.6,6.7,2.54,30
1331,8.7,3.3,8.9,0.1,3.0,3.34,50
1332,9.7,3.3,9.2,0.5,1.3,3.18,50
1333,7.1,1.9,5.8,0.2,9.0,3.02,50
1334,9.6,2.3,8.3,3.5,0.3,3.41,50
1335,6.7,2.5,5.2,1.1,8.5,3.11,50
1336,6.8,1.5,7.7,0.0,8.0,3.15,40
1337,6.2,0.8,6.3,4.8,5.9,2.76,40
1338,7.5,3.5,6.2,0.5,6.3,3.0,40
1339,6.8,3.0,7.8,4.9,1.5,2.99,40
1340,5.2,3.9,6.9,0.9,7.1,3.28,30
1341,8.3,1.1,7.9,3.5,3.2,3.49,50
1342,6.3,1.8,7.7,4.0,4.2,2.91,40
1343,8.9,1.6,8.2,0.8,4.5,3.3,50
1344,8.6,0.1,6.0,2.9,6.4,3.42,50
1345,9.4,2.1,9.6,1.4,1.5,3.2,50
1346,9.0,1.0,9.5,4.1,0.4,3.34,50
1347,9.7,2.1,8.4,3.0,0.8,3.51,50
1348,5.2,2.0,5.8,1.1,9.9,2.58,50
1349,6.8,1.7,8.1,0.4,7.0,2.75,40
1350,7.9,2.5,7.8,4.3,1.5,3.19,40
1351,6.7,3.1,7.2,2.9,4.1,3.24,40
1352,6.5,0.3,5.5,5.5,6.2,3.28,50
1353,8.4,0.5,6.8,3.6,4.7,3.34,50
1354,5.0,0.8,9.8,3.7,4.7,2.69,30
1355,6.3,0.3,5.1,1.5,10.8,2.9,50
1356,8.6,3.7,7.0,0.9,3.8,3.48,50
1357,7.6,3.6,9.0,0.3,3.5,3.27,40
1358,9.5,0.5,7.7,5.3,1.0,3.78,50
1359,7.1,1.9,5.4,1.7,7.9,3.14,50
1360,6.4,1.8,8.4,1.0,6.4,2.93,40
1361,7.4,3.0,9.3,2.7,1.6,2.95,40
1362,9.7,0.5,8.9,1.3,3.6,3.53,50
1363,9.7,2.9,8.8,0.6,2.0,3.87,50
1364,8.8,0.4,9.8,4.5,0.5,3.12,50
1365,6.4,3.3,7.6,2.8,3.9,3.11,40
1366,8.6,1.6,8.1,4.0,1.7,2.94,50
1367,8.6,0.2,9.3,2.7,3.2,3.11,50
1368,7.4,3.5,6.9,4.5,1.7,2.95,40
1369,5.5,1.9,10.0,4.6,2.0,2.83,30
1370,6.2,1.6,8.9,4.6,2.7,2.63,40
1371,6.1,3.7,8.0,2.3,3.9,3.41,40
1372,7.8,1.9,7.5,1.1,5.7,3.18,40
1373,9.1,2.2,5.7,4.6,2.4,3.17,50
1374,7.6,0.5,9.7,1.1,5.1,3.07,40
1375,6.3,1.6,6.9,4.8,4.4,2.69,40
1376,6.3,2.0,5.7,3.7,6.3,2.91,50
1377,7.8,2.9,9.7,3.3,0.3,3.09,40
1378,9.5,3.9,9.3,0.1,1.2,3.28,50
1379,9.7,1.7,5.0,2.7,4.9,3.47,50
1380,6.7,1.9,8.1,5.2,2.1,2.88,40
1381,8.3,1.7,9.1,4.4,0.5,3.26,50
1382,6.4,0.2,8.3,5.2,3.9,2.75,40
1383,5.8,3.2,9.3,5.2,0.5,2.96,30
1384,6.6,2.2,5.3,0.3,9.6,2.94,50
1385,8.6,1.8,6.3,1.1,6.2,3.2,50
1386,7.4,1.4,6.6,5.8,2.8,2.87,40
1387,8.2,0.1,7.2,5.3,3.2,3.12,50
1388,8.8,2.4,7.9,0.3,4.6,3.26,50
1389,5.7,2.5,6.0,3.0,6.8,2.5,30
1390,9.7,3.4,8.6,0.2,2.1,3.53,50
1391,5.5,2.0,5.8,5.9,4.8,2.82,50
1392,6.8,2.6,5.6,2.6,6.4,2.77,50
1393,6.4,3.6,5.2,5.5,3.3,2.86,50
1394,8.9,0.1,9.8,2.7,2.5,3.51,50
1395,6.5,1.5,5.3,5.9,4.8,3.0,50
1396,7.2,3.8,6.2,3.2,3.6,3.02,40
1397,7.4,2.8,5.3,1.2,7.3,3.25,50
1398,5.9,2.3,6.1,5.2,4.5,2.72,30
1399,9.7,2.1,6.8,1.3,4.1,3.55,50
1400,9.7,1.6,8.5,2.1,2.1,3.87,50
1401,7.6,1.1,7.3,2.8,5.2,3.2,40
1402,6.6,0.2,7.5,3.3,6.4,3.02,40
1403,5.8,3.0,9.9,5.0,0.3,2.93,30
1404,8.5,1.8,7.7,5.1,0.9,3.23,50
1405,7.4,1.5,7.5,3.5,4.1,3.33,40
1406,5.5,2.4,5.6,0.5,10.0,3.11,50
1407,7.6,1.6,7.9,0.5,6.4,2.89,40
1408,9.9,2.2,8.4,1.1,2.4,3.43,50
1409,5.5,3.9,6.4,2.5,5.7,2.8,30
1410,9.1,2.1,6.4,0.4,6.0,3.37,50
1411,5.8,3.6,8.4,1.5,4.7,2.91,30
1412,7.9,1.6,6.8,1.3,6.4,3.1,40
1413,8.3,3.9,5.9,3.5,2.4,2.95,50
1414,6.3,3.3,7.4,3.3,3.7,2.52,40
1415,6.5,0.7,5.4,4.3,7.1,3.1,50
1416,7.0,1.7,7.3,2.2,5.8,2.85,40
1417,5.5,1.2,8.3,4.0,5.0,2.76,30
1418,6.0,0.8,5.1,5.4,6.7,2.54,50
1419,6.1,0.9,6.4,0.8,9.8,2.79,40
1420,5.7,2.6,6.7,4.2,4.8,2.9,30
1421,7.8,1.0,8.3,0.7,6.2,2.69,40
1422,6.3,2.4,9.4,5.9,0.0,3.22,40
1423,8.0,1.6,6.1,1.5,6.8,2.75,40
1424,9.6,1.5,6.9,2.3,3.7,3.37,50
1425,9.2,2.6,8.1,1.4,2.7,3.39,50
1426,7.0,2.0,8.3,0.1,6.6,3.27,40
1427,9.4,1.8,6.7,0.8,5.3,3.37,50
1428,7.0,2.7,7.1,5.8,1.4,2.47,40
1429,8.0,3.2,5.5,2.4,4.9,3.36,50
1430,9.3,0.3,5.4,5.1,3.9,3.02,50
1431,6.1,2.7,7.7,5.0,2.5,3.04,40
1432,7.1,1.3,8.0,5.6,2.0,3.08,40
1433,9.2,4.0,5.1,0.6,5.1,3.62,50
1434,6.4,1.0,8.9,0.3,7.4,3.04,40
1435,6.8,2.0,7.8,4.4,3.0,3.27,40
1436,7.9,2.2,8.2,1.5,4.2,2.87,40
1437,5.4,0.5,6.1,3.0,9.0,2.91,30
1438,8.9,1.4,7.0,2.4,4.3,3.5,50
1439,6.0,0.2,8.0,5.9,3.9,2.76,40
1440,9.1,2.8,9.7,1.0,1.4,3.53,50
1441,8.3,1.9,8.2,2.5,3.1,3.25,50
1442,7.6,3.2,8.7,3.0,1.5,2.86,40
1443,5.6,2.9,7.5,5.4,2.6,2.98,30
1444,5.7,3.0,5.0,1.0,9.3,2.42,50
1445,7.9,2.9,9.6,2.5,1.1,2.99,40
1446,5.0,0.5,7.7,4.1,6.7,3.07,30
1447,7.1,2.9,7.6,0.4,6.0,3.15,40
1448,8.6,3.6,5.6,5.9,0.3,3.21,50
1449,6.0,0.0,10.0,1.7,6.3,2.7,40
1450,7.9,3.6,6.6,4.0,1.9,3.29,40
1451,5.9,2.5,6.7,1.3,7.6,2.7,30
1452,9.5,1.6,6.2,2.7,4.0,3.32,50
1453,6.6,3.0,9.9,2.0,2.5,3.03,40
1454,5.8,2.8,7.6,3.9,3.9,3.09,30
1455,9.4,1.8,9.5,2.5,0.8,3.91,50
1456,6.6,3.9,8.3,0.2,5.0,2.93,40
1457,6.6,2.5,5.3,0.1,9.5,2.6,50
1458,7.2,1.1,5.8,4.1,5.8,2.96,50
1459,7.6,0.8,6.6,3.6,5.4,3.3,40
1460,8.6,2.7,7.4,3.4,1.9,3.45,50
1461,5.2,2.5,8.9,3.0,4.4,2.51,30
1462,8.2,2.8,9.4,1.2,2.4,3.06,50
1463,8.8,2.2,9.4,1.9,1.7,3.85,50
1464,8.7,3.9,5.4,0.3,5.7,3.42,50
1465,9.7,2.1,8.1,2.0,2.1,3.49,50
1466,8.7,1.2,6.5,5.0,2.6,3.25,50
1467,5.4,3.5,6.3,3.6,5.2,2.85,30
1468,7.1,2.8,6.7,1.7,5.7,3.16,40
1469,10.0,3.0,8.2,1.0,1.8,3.81,50
1470,7.7,3.4,5.2,2.2,5.5,3.22,50
1471,6.2,1.8,5.4,5.7,4.9,2.98,50
1472,7.8,3.7,5.0,4.5,3.0,3.16,50
1473,9.5,0.6,5.5,2.5,5.9,3.44,50
1474,7.6,0.6,5.0,4.9,5.9,3.29,50
1475,5.4,2.5,9.6,1.3,5.2,2.69,30
1476,8.0,0.7,8.7,1.8,4.8,3.25,40
1477,7.3,2.4,5.9,4.4,4.0,3.3,50
1478,5.8,2.8,5.6,2.6,7.2,2.62,50
1479,6.2,3.0,6.3,5.3,3.2,2.91,40
1480,8.1,0.4,7.0,4.3,4.2,3.24,50
1481,8.3,2.5,6.4,2.3,4.5,3.31,50
1482,7.5,2.8,6.2,1.9,5.6,3.02,40
1483,6.7,0.1,6.7,4.8,5.7,3.01,40
1484,7.3,0.1,9.4,0.1,7.1,3.29,40
1485,9.7,2.0,6.7,5.2,0.4,3.47,50
1486,7.7,0.9,7.1,3.9,4.4,3.08,40
1487,8.6,0.0,9.7,0.9,4.8,3.14,50
1488,5.2,0.5,9.9,1.9,6.5,2.61,30
1489,5.6,0.4,8.6,5.1,4.3,2.81,30
1490,6.1,2.1,6.3,5.6,3.9,2.73,40
1491,9.5,2.3,6.8,2.1,3.3,3.74,50
1492,7.3,3.4,9.7,1.2,2.4,2.97,40
1493,7.8,0.4,6.0,2.5,7.3,3.24,40
1494,5.8,1.8,8.0,4.2,4.2,2.82,30
1495,6.9,3.5,7.8,2.5,3.3,3.02,40
1496,9.1,2.5,9.2,1.6,1.6,3.22,50
1497,5.6,0.1,6.5,4.2,7.6,2.71,30
1498,7.5,1.7,7.1,1.4,6.3,3.32,40
1499,5.7,0.8,5.3,1.2,11.0,2.74,50
1500,6.8,0.0,9.2,0.2,7.8,2.8,40
1501,9.7,3.6,7.7,1.6,1.4,3.22,50
1502,8.2,0.2,5.3,2.7,7.6,3.55,50
1503,7.7,3.6,5.5,4.9,2.3,3.06,50
1504,6.6,1.6,5.8,3.0,7.0,2.73,50
1505,9.0,1.8,7.5,4.8,0.9,3.33,50
1506,6.3,3.5,7.9,1.3,5.0,3.32,40
1507,6.3,3.2,5.2,6.0,3.3,3.0,50
1508,7.0,2.0,9.4,2.3,3.3,2.98,40
1509,7.7,0.2,5.0,1.5,9.6,3.0,50
1510,5.6,1.6,8.2,4.3,4.3,2.91,30
1511,5.9,0.3,9.7,1.6,6.5,2.76,30
1512,9.1,3.1,8.0,1.3,2.5,3.46,50
1513,6.3,0.5,7.5,3.5,6.2,2.87,40
1514,6.8,2.6,9.5,0.8,4.3,2.58,40
1515,6.9,0.6,8.1,4.4,4.0,3.0,40
1516,9.8,0.3,8.0,0.3,5.6,3.53,50
1517,9.5,2.1,8.3,3.4,0.7,3.35,50
1518,5.6,1.9,8.0,0.2,8.3,2.99,30
1519,6.4,0.1,7.1,5.4,5.0,2.72,40
1520,9.6,3.0,8.7,1.9,0.8,3.45,50
1521,6.0,0.8,8.4,1.3,7.5,3.19,40
1522,8.9,1.8,9.0,3.6,0.7,3.27,50
1523,8.3,0.9,6.4,1.9,6.5,3.18,50
1524,6.0,1.8,9.5,0.6,6.1,2.78,40
1525,8.6,2.7,5.5,5.5,1.7,2.9,50
1526,8.8,1.0,8.5,0.2,5.5,3.52,50
1527,9.2,1.8,8.2,1.1,3.7,3.6,50
1528,7.4,2.5,7.3,5.4,1.4,3.25,40
1529,7.5,3.4,9.0,1.7,2.4,3.03,40
1530,9.1,0.9,7.6,4.8,1.6,3.08,50
1531,6.8,2.6,6.2,0.7,7.7,3.0,40
1532,6.4,3.4,6.7,5.8,1.7,2.98,40
1533,9.9,1.1,5.2,4.2,3.6,3.3,50
1534,8.5,0.1,9.4,0.8,5.2,3.25,50
1535,5.6,0.7,9.8,4.2,3.7,2.75,30
1536,6.7,0.9,7.4,3.3,5.7,3.26,40
1537,8.2,1.0,9.7,0.9,4.2,2.81,50
1538,7.2,2.3,7.2,2.5,4.8,3.03,40
1539,8.7,2.7,9.2,0.8,2.6,3.58,50
1540,6.8,1.9,6.6,0.9,7.8,3.38,40
1541,6.1,0.4,8.4,4.0,5.1,2.88,40
1542,7.9,3.9,7.7,4.1,0.4,3.4,40
1543,5.4,0.8,7.2,3.5,7.1,2.71,30
1544,9.0,2.4,6.0,3.0,3.6,3.32,50
1545,8.7,3.1,7.5,1.4,3.3,2.99,50
1546,8.7,1.0,5.9,3.2,5.2,3.17,50
1547,6.4,2.5,5.6,3.9,5.6,2.89,50
1548,8.9,2.4,9.9,1.0,1.8,3.44,50
1549,8.4,0.3,7.0,5.8,2.5,2.9,50
1550,5.6,2.8,8.2,2.2,5.2,2.91,30
1551,9.8,0.1,6.5,5.5,2.1,3.24,50
1552,7.7,3.3,5.5,5.7,1.8,2.99,50
1553,9.0,0.7,8.6,2.2,3.5,3.62,50
1554,9.8,0.5,7.1,2.9,3.7,3.38,50
1555,6.9,1.5,5.3,4.1,6.2,2.77,50
1556,9.1,3.2,7.4,1.3,3.0,3.31,50
1557,8.2,1.2,6.2,4.4,4.0,3.08,50
1558,6.2,3.7,7.6,2.2,4.3,2.84,40
1559,9.4,1.6,6.7,1.2,5.1,3.11,50
1560,8.4,1.2,7.9,0.4,6.1,3.06,50
1561,6.0,1.6,9.7,2.3,4.4,2.66,40
1562,5.6,0.2,6.5,0.9,10.8,3.0,30
1563,5.9,3.0,5.1,3.3,6.7,2.91,50
1564,7.8,1.3,6.5,4.4,4.0,2.69,40
1565,9.4,0.8,5.5,5.4,2.9,3.55,50
1566,6.8,0.5,7.9,3.2,5.6,2.61,40
1567,6.0,1.8,9.0,3.5,3.7,2.92,40
1568,8.5,3.2,8.1,0.6,3.6,3.09,50
1569,8.6,2.7,5.1,2.5,5.1,3.54,50
1570,6.1,2.4,9.6,4.7,1.2,2.67,40
1571,9.6,3.9,5.1,3.4,2.0,3.65,50
1572,6.3,3.9,8.1,4.5,1.2,2.89,40
1573,5.4,0.7,8.8,0.1,9.0,2.57,30
1574,8.1,2.8,6.7,0.6,5.8,3.5,50
1575,5.3,2.4,7.6,4.5,4.2,2.25,30
1576,7.0,0.1,6.7,5.9,4.3,3.12,40
1577,9.4,1.3,7.9,4.6,0.8,3.34,50
1578,5.4,2.0,9.8,4.2,2.6,2.8,30
1579,5.4,0.8,8.9,5.0,3.9,3.12,30
1580,5.1,3.3,8.9,1.6,5.1,3.02,30
1581,8.5,0.9,5.2,1.2,8.2,3.17,50
1582,7.1,2.0,7.4,1.6,5.9,2.86,40
1583,5.1,2.4,7.0,1.8,7.7,2.84,30
1584,9.3,2.0,5.7,4.2,2.8,3.51,50
1585,6.0,1.8,5.3,5.0,5.9,2.88,50
1586,8.7,2.5,9.0,1.6,2.2,3.53,50
1587,8.9,1.8,9.7,1.8,1.8,3.63,50
1588,9.1,2.2,5.9,2.8,4.0,3.33,50
1589,9.8,3.0,9.1,0.1,2.0,3.9,50
1590,9.2,0.2,9.3,2.9,2.4,3.29,50
1591,6.0,1.3,6.4,3.2,7.1,2.84,40
1592,6.2,1.8,7.6,4.6,3.8,2.98,40
1593,7.2,3.2,8.1,0.6,4.9,3.04,40
1594,7.0,3.0,7.9,2.3,3.8,2.81,40
1595,5.9,0.9,7.9,2.5,6.8,2.63,30
1596,8.3,3.4,6.3,2.9,3.1,3.26,50
1597,9.9,1.3,8.0,0.4,4.4,3.33,50
1598,9.8,2.9,8.9,1.7,0.7,3.51,50
1599,7.9,1.8,9.3,4.8,0.2,3.34,40
1600,7.9,2.2,7.3,1.3,5.3,3.18,40
1601,5.0,1.0,7.5,2.3,8.2,2.82,30
1602,6.8,1.8,5.7,0.3,9.4,3.01,50
1603,8.9,2.3,8.8,0.6,3.4,3.02,50
1604,6.1,0.0,5.7,1.9,10.3,3.01,50
1605,5.6,3.9,6.5,0.8,7.2,2.92,30
1606,5.3,3.4,9.8,1.4,4.1,2.53,30
1607,7.3,0.1,8.2,2.5,5.9,2.92,40
1608,8.3,1.7,5.9,4.1,4.0,3.11,50
1609,7.8,3.4,5.6,4.7,2.5,3.02,50
1610,8.5,1.8,9.7,0.6,3.4,3.34,50
1611,8.2,1.5,9.8,1.5,3.0,3.4,50
1612,10.0,1.0,7.2,3.0,2.8,3.37,50
1613,6.5,0.1,6.1,1.7,9.6,2.72,40
1614,9.4,2.8,5.4,3.9,2.5,3.37,50
1615,8.3,3.8,5.0,1.5,5.4,3.43,50
1616,5.5,2.1,6.2,1.1,9.1,2.98,30
1617,9.1,0.5,7.3,5.6,1.5,3.37,50
1618,5.9,1.3,7.1,1.9,7.8,2.91,30
1619,6.4,3.9,5.8,4.4,3.5,2.91,50
1620,5.9,2.6,8.6,4.1,2.8,2.98,30
1621,6.6,1.0,9.8,5.5,1.1,3.23,40
1622,7.3,1.7,5.8,2.6,6.6,3.07,50
1623,7.7,0.1,7.2,4.7,4.3,3.37,40
1624,9.5,0.1,7.8,4.7,1.9,3.71,50
1625,7.7,1.3,5.7,5.3,4.0,3.36,50
1626,7.9,2.7,9.0,2.9,1.5,3.17,40
1627,7.0,2.1,9.0,2.2,3.7,2.89,40
1628,9.6,0.4,8.2,2.4,3.4,3.4,50
1629,7.0,2.7,5.3,3.6,5.4,3.17,50
1630,5.9,3.6,8.3,5.3,0.9,2.99,30
1631,7.4,2.2,9.6,4.3,0.5,2.77,40
1632,7.0,1.6,6.4,1.6,7.4,2.97,40
1633,9.3,0.3,8.4,1.0,5.0,3.29,50
1634,6.3,3.1,9.4,1.2,4.0,2.91,40
1635,7.3,1.9,9.4,4.1,1.3,3.51,40
1636,9.2,0.0,7.0,5.4,2.4,3.41,50
1637,8.7,2.2,7.6,1.9,3.6,3.73,50
1638,7.1,2.9,9.3,0.7,4.0,3.12,40
1639,7.3,1.6,8.4,1.5,5.2,3.27,40
1640,7.1,3.6,10.0,0.4,2.9,3.13,40
1641,6.2,3.8,9.8,0.4,3.8,3.17,40
1642,5.1,2.4,6.4,5.2,4.9,2.77,30
1643,6.4,2.7,8.4,1.3,5.2,2.94,40
1644,6.4,3.2,9.0,2.5,2.9,2.87,40
1645,8.0,2.4,9.1,1.9,2.6,3.01,40
1646,7.7,1.8,7.2,0.5,6.8,2.97,40
1647,8.6,0.9,6.0,2.5,6.0,3.38,50
1648,6.9,1.8,7.7,1.2,6.4,2.75,40
1649,5.8,3.5,7.2,2.5,5.0,2.87,30
1650,7.8,2.2,8.5,1.0,4.5,3.06,40
1651,6.3,3.2,9.7,0.7,4.1,2.65,40
1652,5.3,1.3,5.7,4.3,7.4,2.79,50
1653,7.7,0.6,5.0,4.8,5.9,3.23,50
1654,6.7,2.3,6.6,0.5,7.9,2.77,40
1655,6.1,0.8,7.1,3.9,6.1,3.4,40
1656,9.8,2.4,7.4,2.5,1.9,3.56,50
1657,9.6,3.3,6.6,1.1,3.4,3.45,50
1658,8.7,2.0,5.3,4.3,3.7,2.96,50
1659,9.0,1.2,8.3,2.3,3.2,3.74,50
1660,9.4,2.0,6.6,4.5,1.5,3.46,50
1661,6.1,1.6,9.3,4.3,2.7,2.65,40
1662,6.8,1.1,5.9,4.5,5.7,2.93,50
1663,6.3,1.8,6.9,5.9,3.1,2.8,40
1664,5.4,2.4,8.0,2.5,5.7,2.77,30
1665,7.2,0.2,7.6,3.0,6.0,2.83,40
1666,6.3,0.7,9.8,5.1,2.1,3.03,40
1667,6.2,1.3,6.0,3.0,7.5,3.12,40
1668,5.8,3.2,9.0,0.8,5.2,2.88,30
1669,7.0,0.7,6.3,1.6,8.4,2.63,40
1670,9.7,0.5,9.9,0.9,3.0,3.72,50
1671,8.9,1.4,5.7,5.1,2.9,3.55,50
1672,7.8,1.9,7.5,4.4,2.4,2.91,40
1673,5.4,2.7,9.5,0.3,6.1,2.9,30
1674,7.2,1.6,5.7,3.0,6.5,2.94,50
1675,5.6,1.9,8.8,1.5,6.2,2.89,30
1676,8.4,3.4,7.1,3.9,1.2,3.26,50
1677,5.2,0.5,6.0,2.4,9.9,2.69,30
1678,8.3,2.8,7.9,1.8,3.2,3.44,50
1679,7.9,1.4,5.4,6.0,3.3,3.11,50
1680,8.3,1.3,7.0,1.6,5.8,3.39,50
1681,6.7,1.6,8.6,3.1,4.0,3.54,40
1682,9.6,0.2,7.9,5.1,1.2,3.46,50
1683,6.2,3.5,5.1,4.4,4.8,2.97,50
1684,7.2,0.2,9.6,2.8,4.2,3.19,40
1685,5.1,2.8,7.4,0.7,8.0,3.15,30
1686,7.5,3.3,9.3,2.4,1.5,3.36,40
1687,5.1,2.8,7.1,3.4,5.6,2.5,30
1688,9.6,0.5,8.4,0.0,5.5,3.7,50
1689,9.6,0.5,5.5,2.0,6.4,3.19,50
1690,7.9,1.8,5.2,1.9,7.2,3.07,50
1691,9.1,2.8,8.6,2.4,1.1,3.24,50
1692,6.4,3.3,9.9,2.2,2.2,2.9,40
1693,5.0,0.6,6.6,3.5,8.3,2.89,30
1694,8.9,3.0,8.0,2.6,1.5,3.29,50
1695,8.2,2.5,7.8,5.4,0.1,3.4,50
1696,9.4,0.9,5.4,2.9,5.4,3.56,50
1697,7.6,3.3,7.2,3.4,2.5,3.03,40
1698,8.1,3.3,5.8,3.6,3.2,3.22,50
1699,8.0,0.7,5.6,5.9,3.8,2.93,50
1700,5.9,2.7,8.0,3.9,3.5,2.78,30
1701,5.4,3.6,6.9,1.9,6.2,2.35,30
1702,9.3,3.7,6.5,3.9,0.6,3.24,50
1703,8.9,3.7,6.2,3.0,2.2,3.49,50
1704,5.0,2.3,6.7,1.9,8.1,2.64,30
1705,8.2,3.4,8.0,3.8,0.6,3.26,50
1706,7.3,0.0,7.8,4.0,4.9,2.75,40
1707,8.0,2.9,7.9,0.3,4.9,3.25,40
1708,6.4,0.3,7.1,3.3,6.9,2.77,40
1709,6.6,2.9,8.2,2.0,4.3,3.14,40
1710,8.2,2.2,5.1,4.2,4.3,3.48,50
1711,6.9,3.8,9.1,2.5,1.7,2.88,40
1712,6.7,1.9,6.5,3.1,5.8,2.87,40
1713,5.8,3.9,5.5,5.6,3.2,2.88,50
1714,8.6,1.7,8.2,1.9,3.6,3.46,50
1715,6.5,2.3,7.5,3.5,4.2,2.8,40
1716,5.4,0.2,6.3,0.4,11.7,2.53,30
1717,5.5,3.3,5.2,4.0,6.0,2.95,50
1718,7.4,1.2,7.6,2.3,5.5,3.03,40
1719,7.8,0.5,10.0,2.4,3.3,3.43,40
1720,6.8,3.3,7.3,4.3,2.3,2.83,40
1721,5.5,3.4,8.7,1.3,5.1,2.74,30
1722,9.9,1.0,7.3,0.2,5.6,3.32,50
1723,7.0,2.3,9.8,2.5,2.4,3.09,40
1724,5.2,1.3,7.9,5.7,3.9,3.04,30
1725,9.3,0.9,6.1,1.2,6.5,3.29,50
1726,7.5,1.9,6.3,3.0,5.3,3.4,40
1727,5.2,0.5,9.4,4.5,4.4,2.9,30
1728,6.8,3.0,8.9,4.0,1.3,2.49,40
1729,8.6,0.8,6.7,2.8,5.1,3.52,50
1730,6.6,0.6,7.0,5.9,3.9,2.83,40
1731,6.1,2.4,7.2,0.4,7.9,3.29,40
1732,7.6,3.5,6.4,0.5,6.0,3.12,40
1733,9.7,1.5,7.9,3.9,1.0,3.69,50
1734,5.7,1.2,5.7,4.9,6.5,2.66,50
1735,6.1,2.9,9.7,2.8,2.5,2.5,40
1736,6.6,1.9,8.0,5.9,1.6,3.41,40
1737,9.7,3.4,9.4,0.7,0.8,3.6,50
1738,7.0,3.8,7.1,3.6,2.5,3.11,40
1739,8.5,3.8,6.2,4.1,1.4,2.93,50
1740,8.9,2.2,8.3,1.5,3.1,3.37,50
1741,7.4,2.5,7.0,1.2,5.9,3.11,40
1742,8.7,1.6,6.8,2.4,4.5,3.42,50
1743,7.0,2.2,7.7,3.0,4.1,3.05,40
1744,5.8,0.5,9.7,3.6,4.4,2.65,30
1745,8.3,1.6,9.5,2.9,1.7,3.12,50
1746,9.8,3.3,9.3,0.3,1.3,3.73,50
1747,6.4,1.1,6.4,5.1,5.0,2.79,40
1748,6.2,3.2,7.8,0.0,6.8,2.8,40
1749,7.1,1.6,5.6,4.1,5.6,3.28,50
1750,8.6,0.0,9.8,4.6,1.0,3.48,50
1751,9.5,0.1,9.7,3.8,0.9,3.57,50
1752,9.7,1.8,8.0,2.1,2.4,3.82,50
1753,9.7,0.3,7.5,4.1,2.4,3.53,50
1754,9.5,3.8,5.3,2.2,3.2,3.7,50
1755,5.1,1.3,7.7,5.5,4.4,2.8,30
1756,7.7,1.1,9.5,5.3,0.4,2.99,40
1757,7.0,3.6,6.9,4.4,2.1,2.84,40
1758,9.6,1.8,8.7,1.4,2.5,3.43,50
1759,5.1,0.4,7.5,4.1,6.9,3.01,30
1760,8.5,2.8,7.5,4.8,0.4,3.06,50
1761,7.4,1.8,6.0,1.8,7.0,3.13,40
1762,6.2,1.2,8.9,2.0,5.7,2.85,40
1763,6.2,0.7,8.9,0.8,7.4,3.02,40
1764,8.4,2.5,9.1,0.2,3.8,2.65,50
1765,6.5,1.1,5.7,1.7,9.0,3.02,50
1766,8.3,1.5,8.6,1.9,3.7,2.86,50
1767,6.5,2.2,5.1,0.5,9.7,3.1,50
1768,8.6,0.4,9.2,4.2,1.6,3.27,50
1769,8.1,3.3,7.0,1.2,4.4,3.8,50
1770,7.7,2.3,9.7,3.9,0.4,3.3,40
1771,9.4,3.2,9.7,0.2,1.5,3.4,50
1772,9.2,2.0,8.7,0.6,3.5,3.03,50
1773,6.3,2.9,5.8,2.1,6.9,2.78,50
1774,8.5,1.5,7.8,0.6,5.6,3.02,50
1775,9.0,1.5,8.2,3.8,1.5,3.41,50
1776,8.1,1.7,5.9,5.7,2.6,3.17,50
1777,8.8,0.8,6.7,4.9,2.8,3.53,50
1778,7.2,2.9,6.9,1.3,5.7,3.23,40
1779,8.2,3.9,6.6,2.4,2.9,3.32,50
1780,9.2,3.0,5.3,6.0,0.5,3.77,50
1781,8.8,3.5,8.3,2.9,0.5,3.26,50
1782,9.4,0.8,5.4,4.7,3.7,3.25,50
1783,9.2,0.7,9.3,3.3,1.5,3.64,50
1784,7.1,0.8,6.4,3.0,6.7,3.08,40
1785,7.7,3.2,9.0,2.4,1.7,3.03,40
1786,5.3,3.5,5.4,1.5,8.3,2.91,50
1787,8.5,1.6,9.4,1.3,3.2,2.9,50
1788,7.7,3.5,9.6,0.9,2.3,3.39,40
1789,7.3,2.2,9.7,4.8,0.0,3.25,40
1790,6.9,0.0,5.0,2.8,9.3,2.85,50
1791,7.4,0.1,8.4,1.8,6.3,2.75,40
1792,5.8,1.6,6.2,3.2,7.2,2.98,30
1793,6.0,2.0,5.8,4.0,6.2,2.81,50
1794,7.3,0.3,8.0,1.6,6.8,3.15,40
1795,7.6,2.1,9.6,2.6,2.1,2.78,40
1796,9.7,3.1,6.4,4.1,0.7,3.76,50
1797,7.2,3.3,9.1,0.8,3.6,2.87,40
1798,6.5,1.2,8.6,1.4,6.3,3.18,40
1799,5.0,2.9,5.9,0.6,9.6,2.63,50
1800,7.4,0.2,9.9,4.3,2.2,2.84,40
1801,6.6,1.3,7.2,3.8,5.1,2.93,40
1802,9.3,1.0,6.9,5.2,1.6,3.32,50
1803,8.3,1.4,8.4,0.1,5.8,3.23,50
1804,9.1,3.8,9.6,1.4,0.1,3.71,50
1805,7.6,1.4,7.3,4.1,3.6,3.09,40
1806,9.6,3.3,9.9,1.1,0.1,3.5,50
1807,6.4,0.4,5.6,1.7,9.9,3.21,50
1808,9.5,2.5,5.0,1.1,5.9,3.52,50
1809,5.5,1.5,7.5,0.3,9.2,2.61,30
1810,8.2,1.9,7.5,2.6,3.8,3.13,50
1811,9.8,0.9,7.6,4.2,1.5,3.62,50
1812,6.9,1.9,5.4,3.7,6.1,3.05,50
1813,6.4,0.6,7.7,3.2,6.1,3.0,40
1814,8.1,0.8,7.3,4.3,3.5,3.12,50
1815,7.6,1.6,6.6,3.7,4.5,3.18,40
1816,5.4,1.8,9.5,0.6,6.7,2.9,30
1817,9.9,3.8,5.4,4.6,0.3,3.69,50
1818,7.1,1.8,8.2,4.6,2.3,2.98,40
1819,5.2,2.4,5.9,2.1,8.4,2.69,50
1820,6.7,0.4,5.7,0.2,11.0,2.58,50
1821,7.4,3.8,5.6,5.7,1.5,3.27,50
1822,8.2,3.3,5.5,3.0,4.0,3.5,50
1823,8.5,2.3,9.2,0.3,3.7,3.34,50
1824,6.9,1.4,8.1,5.3,2.3,3.42,40
1825,7.5,3.3,7.0,0.6,5.6,2.82,40
1826,8.6,3.0,5.3,1.3,5.8,3.06,50
1827,6.4,2.2,5.7,0.8,8.9,2.89,50
1828,6.8,3.2,7.6,0.8,5.6,2.78,40
1829,8.7,1.6,6.3,2.3,5.1,2.87,50
1830,6.2,1.6,5.1,4.6,6.5,2.92,50
1831,5.9,0.2,8.3,4.6,5.0,2.88,30
1832,6.0,2.9,8.5,1.5,5.1,3.17,40
1833,9.5,0.4,9.9,3.6,0.6,3.5,50
1834,8.6,0.8,7.2,0.4,7.0,3.32,50
1835,6.9,3.0,6.9,2.0,5.2,3.23,40
1836,5.2,1.5,5.8,4.2,7.3,2.83,50
1837,5.5,2.7,6.4,1.2,8.2,2.75,30
1838,7.4,2.0,6.6,0.8,7.2,3.1,40
1839,6.9,2.7,8.9,2.9,2.6,2.77,40
1840,6.4,0.6,6.2,1.3,9.5,3.04,40
1841,7.6,2.3,9.7,0.9,3.5,3.36,40
1842,7.8,1.0,6.3,0.2,8.7,3.27,40
1843,6.5,3.0,5.2,1.3,8.0,3.17,50
1844,7.3,2.8,6.9,1.0,6.0,3.24,40
1845,7.0,2.3,9.7,0.3,4.7,2.64,40
1846,7.5,0.1,6.6,4.9,4.9,3.14,40
1847,7.8,1.8,6.4,1.8,6.2,3.39,40
1848,9.8,1.8,7.0,4.6,0.8,3.39,50
1849,7.1,2.2,6.2,4.5,4.0,3.34,40
1850,8.9,0.9,8.6,4.5,1.1,3.36,50
1851,6.7,0.7,5.0,2.7,8.9,3.15,50
1852,5.9,3.4,6.3,1.4,7.0,2.48,30
1853,7.4,2.0,6.1,1.6,6.9,3.22,40
1854,8.9,1.8,8.6,3.5,1.2,3.17,50
1855,5.7,3.9,9.1,1.1,4.2,2.81,30
1856,5.7,3.0,7.3,4.7,3.3,2.82,30
1857,8.7,2.4,8.4,0.1,4.4,3.51,50
1858,5.0,0.1,9.3,4.1,5.5,2.47,30
1859,6.3,2.8,9.0,1.8,4.1,2.79,40
1860,7.5,3.1,6.1,1.6,5.7,3.07,40
1861,6.2,4.0,6.0,3.5,4.3,2.88,40
1862,8.2,3.0,9.9,0.5,2.4,3.3,50
1863,8.8,1.4,5.9,2.5,5.4,3.29,50
1864,7.7,4.0,7.0,3.3,2.0,3.44,40
1865,6.8,1.6,8.5,5.6,1.5,3.33,40
1866,5.4,0.8,7.5,0.1,10.2,2.86,30
1867,6.3,2.1,5.1,1.6,8.9,3.49,50
1868,9.6,2.6,7.1,4.4,0.3,3.54,50
1869,8.9,0.8,5.7,4.1,4.5,3.62,50
1870,8.7,2.5,9.9,1.5,1.4,3.36,50
1871,5.6,3.3,6.3,4.7,4.1,2.85,30
1872,8.0,1.8,6.8,2.1,5.3,3.23,40
1873,8.2,3.0,8.4,0.9,3.5,3.52,50
1874,7.4,2.1,8.9,3.7,1.9,3.1,40
1875,7.0,3.6,5.8,6.0,1.6,2.99,50
1876,8.6,3.2,9.3,2.9,0.0,3.38,50
1877,6.5,2.8,5.6,2.4,6.7,2.9,50
1878,8.0,2.0,8.2,5.6,0.2,3.4,40
1879,5.3,2.3,9.3,2.9,4.2,2.82,30
1880,6.7,0.6,9.2,3.1,4.4,2.85,40
1881,9.7,3.2,8.5,0.0,2.6,3.19,50
1882,9.6,0.7,6.4,3.1,4.2,3.38,50
1883,6.3,0.8,8.0,0.5,8.4,2.91,40
1884,8.6,2.2,7.1,3.4,2.7,3.18,50
1885,6.8,3.7,5.3,4.0,4.2,3.04,50
1886,5.9,1.2,8.6,0.5,7.8,2.92,30
1887,9.1,2.9,8.6,0.3,3.1,3.56,50
1888,9.2,0.2,5.1,2.2,7.3,3.61,50
1889,5.7,2.2,9.6,2.3,4.2,2.98,30
1890,5.5,2.4,7.3,5.6,3.2,2.77,30
1891,5.6,0.8,5.1,2.6,9.9,2.97,50
1892,8.0,2.5,7.7,0.5,5.3,3.12,40
1893,7.2,4.0,9.2,3.2,0.4,2.95,40
1894,7.4,2.7,9.4,3.4,1.1,3.04,40
1895,9.7,0.2,5.1,4.0,5.0,3.25,50
1896,6.7,1.1,7.6,2.6,6.0,2.83,40
1897,7.6,2.7,6.9,1.5,5.3,3.05,40
1898,8.7,3.0,8.3,0.9,3.1,3.1,50
1899,7.9,2.3,7.4,3.3,3.1,3.75,40
1900,8.6,0.4,8.7,0.8,5.5,3.22,50
1901,5.3,3.9,9.8,0.3,4.7,2.53,30
1902,7.4,3.3,9.8,2.2,1.3,3.06,40
1903,6.8,2.4,6.6,5.5,2.7,3.05,40
1904,6.6,1.2,5.2,4.9,6.1,3.2,50
1905,7.3,1.3,7.4,4.9,3.1,2.83,40
1906,6.9,1.3,5.9,3.6,6.3,2.94,50
1907,7.4,3.5,5.2,3.9,4.0,3.26,50
1908,9.4,2.9,9.6,0.7,1.4,3.57,50
1909,7.5,0.1,5.0,1.4,10.0,3.07,50
1910,5.9,0.1,9.5,0.0,8.5,2.79,30
1911,8.7,0.6,9.6,4.6,0.5,3.57,50
1912,5.0,3.9,9.4,5.1,0.6,2.98,30
1913,8.3,1.4,9.5,1.4,3.4,3.06,50
1914,9.6,0.6,6.1,3.3,4.4,3.47,50
1915,8.8,2.5,6.2,0.0,6.5,3.29,50
1916,9.5,1.6,7.6,2.5,2.8,3.7,50
1917,7.2,3.1,7.6,1.9,4.2,2.79,40
1918,5.7,2.6,8.4,4.5,2.8,2.94,30
1919,7.5,3.6,9.7,2.6,0.6,2.84,40
1920,9.9,1.1,6.0,2.7,4.3,3.68,50
1921,5.3,3.9,7.9,3.3,3.6,2.79,30
1922,5.2,2.4,8.6,2.5,5.3,3.21,30
1923,8.8,0.9,6.1,1.0,7.2,3.53,50
1924,9.1,1.5,7.9,4.0,1.5,3.29,50
1925,6.2,0.7,9.9,3.7,3.5,2.73,40
1926,6.3,2.0,6.6,1.0,8.1,3.09,40
1927,6.3,0.1,8.5,3.0,6.1,2.99,40
1928,5.5,3.0,5.1,1.5,8.9,2.66,50
1929,9.5,2.9,5.4,4.9,1.3,3.67,50
1930,8.0,2.7,10.0,0.8,2.5,3.2,40
1931,8.1,1.8,5.2,0.1,8.8,3.28,50
1932,7.8,2.2,5.2,2.8,6.0,3.0,50
1933,9.6,1.6,8.1,3.7,1.0,3.46,50
1934,9.3,1.6,9.4,0.9,2.8,3.69,50
1935,6.4,0.2,9.0,2.5,5.9,2.81,40
1936,9.5,3.3,7.8,2.1,1.3,3.28,50
1937,7.4,1.6,9.6,0.7,4.7,2.75,40
1938,7.5,1.8,7.6,0.8,6.3,2.93,40
1939,7.6,1.0,5.9,0.4,9.1,3.06,50
1940,8.1,2.9,8.4,2.2,2.4,3.52,50
1941,6.9,1.5,8.2,3.0,4.4,2.99,40
1942,8.2,1.2,5.1,5.3,4.2,3.19,50
1943,6.1,3.7,8.6,4.3,1.3,2.79,40
1944,7.6,0.7,6.5,1.9,7.3,3.0,40
1945,5.8,0.8,8.9,1.0,7.5,2.89,30
1946,9.9,1.3,5.6,3.4,3.8,3.43,50
1947,9.5,3.1,8.1,1.0,2.3,3.25,50
1948,8.4,2.9,9.8,0.8,2.1,3.28,50
1949,5.1,2.2,8.5,4.7,3.5,2.64,30
1950,7.6,1.3,9.3,2.7,3.1,2.98,40
1951,9.0,2.3,8.9,1.3,2.5,3.24,50
1952,7.7,0.9,7.4,1.9,6.1,3.31,40
1953,6.3,3.9,5.8,4.7,3.3,2.73,50
1954,5.2,1.6,9.7,0.1,7.4,2.95,30
1955,7.9,2.0,9.4,0.4,4.3,3.42,40
1956,8.3,3.8,9.1,0.1,2.7,3.48,50
1957,7.4,1.6,6.6,2.7,5.7,2.88,40
1958,9.9,0.4,9.6,2.0,2.1,3.09,50
1959,8.1,3.3,6.8,2.5,3.3,2.86,50
1960,9.6,3.3,5.5,0.6,5.0,3.19,50
1961,7.1,0.4,8.1,0.9,7.5,3.02,40
1962,6.6,2.7,7.4,5.9,1.4,2.99,40
1963,9.4,1.4,5.2,5.1,2.9,3.59,50
1964,9.5,0.9,9.5,1.3,2.8,3.24,50
1965,9.9,1.1,9.8,0.2,3.0,3.54,50
1966,7.4,0.9,8.5,1.1,6.1,3.48,40
1967,7.8,1.0,9.8,0.2,5.2,3.04,40
1968,7.1,0.9,7.5,5.2,3.3,2.92,40
1969,8.6,2.3,5.4,4.2,3.5,3.38,50
1970,6.3,1.7,6.8,5.2,4.0,2.84,40
1971,5.6,2.3,5.7,4.2,6.2,2.81,50
1972,7.4,3.7,7.6,2.6,2.7,3.29,40
1973,7.9,2.8,5.5,4.9,2.9,3.03,50
1974,8.9,1.5,5.5,3.8,4.3,3.31,50
1975,9.4,3.6,9.8,1.0,0.2,3.32,50
1976,8.0,2.4,6.8,5.4,1.4,3.42,40
1977,7.5,1.9,10.0,2.3,2.3,3.14,40
1978,9.1,3.1,8.9,2.1,0.8,3.1,50
1979,6.3,3.4,9.5,0.9,3.9,2.97,40
1980,8.2,2.2,5.3,4.5,3.8,3.43,50
1981,7.5,2.6,7.5,3.0,3.4,3.02,40
1982,5.8,0.8,9.9,0.9,6.6,2.71,30
1983,6.3,2.4,8.1,0.9,6.3,3.07,40
1984,6.2,1.2,9.7,5.0,1.9,3.06,40
1985,8.5,0.3,7.1,3.4,4.7,3.23,50
1986,8.0,1.3,8.9,4.9,0.9,2.93,40
1987,6.6,3.4,5.5,5.0,3.5,2.9,50
1988,9.5,1.5,6.4,3.0,3.6,3.86,50
1989,7.3,1.4,8.5,4.6,2.2,3.28,40
1990,7.0,2.7,7.4,6.0,0.9,2.85,40
1991,8.6,3.8,9.2,2.2,0.2,3.26,50
1992,6.3,1.5,5.1,3.1,8.0,3.21,50
1993,7.5,2.1,9.9,4.1,0.4,3.04,40
1994,7.1,1.4,9.0,3.1,3.4,2.85,40
1995,7.9,3.4,9.0,0.5,3.2,3.08,40
1996,6.5,0.2,7.4,2.1,7.8,3.32,40
1997,6.3,2.8,8.8,1.5,4.6,2.65,40
1998,6.2,0.0,6.2,0.8,10.8,3.14,40
1999,8.1,0.7,7.6,3.5,4.1,3.04,50
2000,9.0,1.7,7.3,3.1,2.9,3.58,50
